feed_type,breast_used,breast_left_time,breast_right_time,bottle_ml,start_time_label,end_time_label
,,0,0,0,2018/08/03 16:57:47,
,,0,0,0,2018/08/03 12:43:00,
,,0,0,0,2018/08/03 09:13:51,
,,0,0,0,2018/08/03 06:42:43,
,,0,0,0,2018/08/03 02:37:00,
,,0,0,0,2018/08/02 23:29:19,
,,0,0,0,2018/08/02 21:32:12,
,,0,0,0,2018/08/02 19:41:00,
,,0,0,0,2018/08/02 17:34:09,
,,0,0,0,2018/08/02 13:35:00,
,,0,0,0,2018/08/02 10:12:33,
,,0,0,0,2018/08/02 07:26:00,
,,0,0,0,2018/08/02 03:49:49,
,,0,0,0,2018/08/01 23:35:32,
,,0,0,0,2018/08/01 21:21:58,
,,0,0,0,2018/08/01 18:53:48,
,,0,0,0,2018/08/01 16:43:00,
,,0,0,0,2018/08/01 13:26:00,
,,0,0,0,2018/08/01 09:28:42,
,,0,0,0,2018/08/01 05:53:50,
,,0,0,0,2018/08/01 02:16:55,
,,0,0,0,2018/07/31 23:41:12,
,,0,0,0,2018/07/31 21:14:00,
,,0,0,0,2018/07/31 18:56:23,
,,0,0,0,2018/07/31 15:50:00,
,,0,0,0,2018/07/31 11:10:00,
,,0,0,0,2018/07/31 08:21:12,
,,0,0,0,2018/07/31 05:13:22,
,,0,0,0,2018/07/30 23:33:00,
,,0,0,0,2018/07/30 21:25:01,
,,0,0,0,2018/07/30 19:30:07,
,,0,0,0,2018/07/30 17:36:00,
,,0,0,0,2018/07/30 14:11:51,
,,0,0,0,2018/07/30 10:33:35,
,,0,0,0,2018/07/30 08:17:00,
,,0,0,0,2018/07/30 06:13:23,
,,0,0,0,2018/07/30 05:38:54,
,,0,0,0,2018/07/29 23:36:33,
,,0,0,0,2018/07/29 21:37:11,
,,0,0,0,2018/07/29 19:38:00,
,,0,0,0,2018/07/29 16:08:32,
,,0,0,0,2018/07/29 13:15:20,
,,0,0,0,2018/07/29 09:25:05,
,,0,0,0,2018/07/29 06:29:26,
,,0,0,0,2018/07/29 03:08:00,
,,0,0,0,2018/07/28 23:40:00,
,,0,0,0,2018/07/28 21:38:00,
,,0,0,0,2018/07/28 19:48:55,
,,0,0,0,2018/07/28 17:44:25,
,,0,0,0,2018/07/28 14:13:22,
,,0,0,0,2018/07/28 11:12:51,
,,0,0,0,2018/07/28 08:35:05,
,,0,0,0,2018/07/28 03:50:02,
,,0,0,0,2018/07/27 23:09:36,
,,0,0,0,2018/07/27 20:39:00,
,,0,0,0,2018/07/27 19:57:52,
,,0,0,0,2018/07/27 15:55:20,
,,0,0,0,2018/07/27 14:08:34,
,,0,0,0,2018/07/27 09:59:33,
,,0,0,0,2018/07/27 06:50:08,
,,0,0,0,2018/07/27 03:23:17,
,,0,0,0,2018/07/27 00:03:58,
,,0,0,0,2018/07/26 23:43:00,
,,0,0,0,2018/07/26 21:14:09,
,,0,0,0,2018/07/26 17:16:08,
,,0,0,0,2018/07/26 13:51:24,
,,0,0,0,2018/07/26 09:18:55,
,,0,0,0,2018/07/26 06:55:34,
,,0,0,0,2018/07/26 02:24:13,
,,0,0,0,2018/07/25 23:34:43,
,,0,0,0,2018/07/25 21:28:11,
,,0,0,0,2018/07/25 19:05:13,
,,0,0,0,2018/07/25 16:41:20,
,,0,0,0,2018/07/25 13:01:55,
,,0,0,0,2018/07/25 10:11:49,
,,0,0,0,2018/07/25 06:45:44,
,,0,0,0,2018/07/25 03:29:10,
,,0,0,0,2018/07/24 22:53:34,
,,0,0,0,2018/07/24 21:32:38,
,,0,0,0,2018/07/24 19:44:32,
,,0,0,0,2018/07/24 15:30:54,
,,0,0,0,2018/07/24 13:16:16,
,,0,0,0,2018/07/24 10:37:00,
,,0,0,0,2018/07/24 07:41:05,
,,0,0,0,2018/07/24 04:40:27,
Bottle Formula,,0,0,90,2018/07/24 04:30:54,
Bottle Breast Milk,,0,0,95,2018/07/24 04:10:39,
,,0,0,0,2018/07/23 23:38:40,
,,0,0,0,2018/07/23 21:25:47,
,,0,0,0,2018/07/23 18:58:10,
,,0,0,0,2018/07/23 16:19:40,
,,0,0,0,2018/07/23 12:58:58,
,,0,0,0,2018/07/23 11:09:44,
,,0,0,0,2018/07/23 08:31:46,
,,0,0,0,2018/07/23 05:00:23,
,,0,0,0,2018/07/22 23:40:00,
,,0,0,0,2018/07/22 21:29:53,
,,0,0,0,2018/07/22 20:01:36,
,,0,0,0,2018/07/22 17:18:03,
,,0,0,0,2018/07/22 15:42:45,
,,0,0,0,2018/07/22 14:11:21,
,,0,0,0,2018/07/22 13:44:25,
,,0,0,0,2018/07/22 09:38:17,
,,0,0,0,2018/07/22 04:55:43,
,,0,0,0,2018/07/21 23:35:51,
,,0,0,0,2018/07/21 21:05:56,
,,0,0,0,2018/07/21 16:48:25,
Bottle Formula,,0,0,125,2018/07/21 16:55:12,
,,0,0,0,2018/07/21 15:06:02,
Bottle Formula,,0,0,125,2018/07/21 14:03:37,
Bottle Breast Milk,,0,0,150,2018/07/21 11:00:26,
Bottle Breast Milk,,0,0,150,2018/07/21 07:00:03,
,,0,0,0,2018/07/21 13:13:42,
,,0,0,0,2018/07/21 11:09:14,
,,0,0,0,2018/07/21 09:05:33,
,,0,0,0,2018/07/21 04:15:00,
Bottle Breast Milk,,0,0,160,2018/07/21 04:30:05,
Breast Timer,L,2400,0,0,2018/07/21 02:45:27,
,,0,0,0,2018/07/20 23:21:25,
,,0,0,0,2018/07/20 21:45:00,
,,0,0,0,2018/07/20 20:21:17,
Bottle Formula,,0,0,125,2018/07/20 20:05:14,
Bottle Breast Milk,,0,0,70,2018/07/20 19:30:59,
Bottle Breast Milk,,0,0,100,2018/07/20 18:16:27,
,,0,0,0,2018/07/20 17:17:42,
Bottle Formula,,0,0,125,2018/07/20 15:16:07,
,,0,0,0,2018/07/20 14:17:00,
Bottle Formula,,0,0,120,2018/07/20 12:01:32,
,,0,0,0,2018/07/20 11:00:32,
Bottle Breast Milk,,0,0,120,2018/07/20 10:00:58,
,,0,0,0,2018/07/20 08:58:25,
Bottle Breast Milk,,0,0,150,2018/07/20 07:01:34,
Breast Input,R,0,1200,0,2018/07/20 06:45:04,
,,0,0,0,2018/07/20 04:10:21,
Breast Input,L,2700,0,0,2018/07/20 03:10:41,
,,0,0,0,2018/07/19 23:15:08,
,,0,0,0,2018/07/19 21:49:06,
,,0,0,0,2018/07/19 20:21:53,
Bottle Breast Milk,,0,0,40,2018/07/19 20:14:42,
Bottle Formula,,0,0,90,2018/07/19 19:20:11,
Bottle Breast Milk,,0,0,90,2018/07/19 19:20:01,
,,0,0,0,2018/07/19 17:55:25,
Bottle Breast Milk,,0,0,70,2018/07/19 15:15:40,
,,0,0,0,2018/07/19 14:57:00,
Bottle Breast Milk,,0,0,120,2018/07/19 14:20:45,
,,0,0,0,2018/07/19 10:03:29,
Bottle Breast Milk,,0,0,120,2018/07/19 09:58:43,
Bottle Breast Milk,,0,0,75,2018/07/19 03:01:15,
Bottle Formula,,0,0,125,2018/07/19 02:45:53,
Bottle Formula,,0,0,150,2018/07/19 07:00:40,
,,0,0,0,2018/07/19 06:43:53,
,,0,0,0,2018/07/19 02:37:08,
,,0,0,0,2018/07/18 23:01:43,
,,0,0,0,2018/07/18 21:32:42,
,,0,0,0,2018/07/18 19:56:29,
Bottle Formula,,0,0,125,2018/07/18 19:06:46,
,,0,0,0,2018/07/18 17:40:50,
,,0,0,0,2018/07/18 16:05:40,
Bottle Breast Milk,,0,0,55,2018/07/18 16:08:51,
Bottle Breast Milk,,0,0,135,2018/07/18 14:08:39,
Bottle Formula,,0,0,125,2018/07/18 11:43:30,
,,0,0,0,2018/07/18 10:06:25,
,,0,0,0,2018/07/18 07:10:00,
,,0,0,0,2018/07/18 04:23:30,
,,0,0,0,2018/07/17 23:27:33,
,,0,0,0,2018/07/17 21:36:00,
,,0,0,0,2018/07/17 19:06:59,
,,0,0,0,2018/07/17 16:20:46,
,,0,0,0,2018/07/17 13:13:54,
,,0,0,0,2018/07/17 10:32:23,
,,0,0,0,2018/07/17 07:33:01,
,,0,0,0,2018/07/17 03:42:38,
,,0,0,0,2018/07/16 23:05:02,
,,0,0,0,2018/07/16 21:39:55,
,,0,0,0,2018/07/16 20:33:29,
,,0,0,0,2018/07/16 17:31:44,
,,0,0,0,2018/07/16 15:36:05,
,,0,0,0,2018/07/16 12:34:00,
,,0,0,0,2018/07/16 12:07:30,
,,0,0,0,2018/07/16 07:22:32,
,,0,0,0,2018/07/16 03:50:52,
,,0,0,0,2018/07/15 23:20:08,
,,0,0,0,2018/07/15 20:52:00,
,,0,0,0,2018/07/15 16:37:56,
,,0,0,0,2018/07/15 13:56:00,
,,0,0,0,2018/07/15 09:12:54,
,,0,0,0,2018/07/15 08:31:02,
,,0,0,0,2018/07/15 04:19:12,
,,0,0,0,2018/07/14 23:46:06,
,,0,0,0,2018/07/14 23:17:16,
,,0,0,0,2018/07/14 21:30:31,
,,0,0,0,2018/07/14 19:17:36,
,,0,0,0,2018/07/14 16:29:05,
,,0,0,0,2018/07/14 12:08:38,
,,0,0,0,2018/07/14 11:48:13,
,,0,0,0,2018/07/14 08:35:41,
,,0,0,0,2018/07/14 04:27:04,
,,0,0,0,2018/07/13 23:37:29,
,,0,0,0,2018/07/13 21:15:54,
,,0,0,0,2018/07/13 19:30:15,
,,0,0,0,2018/07/13 19:07:41,
,,0,0,0,2018/07/13 17:33:05,
,,0,0,0,2018/07/13 12:59:14,
,,0,0,0,2018/07/13 10:13:17,
,,0,0,0,2018/07/13 07:20:36,
,,0,0,0,2018/07/13 03:13:44,
,,0,0,0,2018/07/12 22:58:17,
,,0,0,0,2018/07/12 21:23:45,
,,0,0,0,2018/07/12 18:46:22,
,,0,0,0,2018/07/12 15:09:55,
,,0,0,0,2018/07/12 11:32:24,
,,0,0,0,2018/07/12 09:25:00,
,,0,0,0,2018/07/12 06:47:04,
,,0,0,0,2018/07/12 02:50:46,
,,0,0,0,2018/07/11 23:03:32,
,,0,0,0,2018/07/11 21:00:49,
,,0,0,0,2018/07/11 20:40:03,
,,0,0,0,2018/07/11 15:41:39,
,,0,0,0,2018/07/11 09:43:47,
,,0,0,0,2018/07/11 06:45:06,
,,0,0,0,2018/07/11 03:45:00,
,,0,0,0,2018/07/11 03:12:49,
,,0,0,0,2018/07/10 22:12:02,
,,0,0,0,2018/07/10 19:16:00,
,,0,0,0,2018/07/10 15:03:34,
,,0,0,0,2018/07/10 13:10:00,
,,0,0,0,2018/07/10 10:19:26,
,,0,0,0,2018/07/10 07:53:03,
,,0,0,0,2018/07/10 04:12:39,
,,0,0,0,2018/07/09 23:08:21,
,,0,0,0,2018/07/09 18:11:56,
,,0,0,0,2018/07/09 15:16:45,
,,0,0,0,2018/07/09 12:56:34,
,,0,0,0,2018/07/09 09:41:04,
,,0,0,0,2018/07/09 05:55:00,
,,0,0,0,2018/07/09 01:26:42,
,,0,0,0,2018/07/08 23:38:05,
,,0,0,0,2018/07/08 21:26:27,
,,0,0,0,2018/07/08 17:02:10,
,,0,0,0,2018/07/08 14:54:02,
,,0,0,0,2018/07/08 12:35:49,
,,0,0,0,2018/07/08 10:36:09,
,,0,0,0,2018/07/08 08:11:06,
,,0,0,0,2018/07/08 03:14:57,
,,0,0,0,2018/07/07 23:05:23,
,,0,0,0,2018/07/07 19:42:21,
,,0,0,0,2018/07/07 15:34:55,
,,0,0,0,2018/07/07 12:13:13,
,,0,0,0,2018/07/07 10:06:45,
,,0,0,0,2018/07/07 07:01:00,
,,0,0,0,2018/07/07 03:53:16,
,,0,0,0,2018/07/06 23:32:15,
,,0,0,0,2018/07/06 23:11:38,
,,0,0,0,2018/07/06 21:22:16,
,,0,0,0,2018/07/06 19:28:15,
,,0,0,0,2018/07/06 16:45:34,
,,0,0,0,2018/07/06 13:57:50,
Bottle Breast Milk,,0,0,110,2018/07/06 11:35:31,
Bottle Formula,,0,0,120,2018/07/06 09:37:54,
Bottle Formula,,0,0,140,2018/07/06 07:00:40,
Bottle Breast Milk,,0,0,150,2018/07/06 03:37:27,
,,0,0,0,2018/07/06 09:51:02,
,,0,0,0,2018/07/06 07:46:29,
,,0,0,0,2018/07/06 07:15:34,
,,0,0,0,2018/07/06 03:46:00,
,,0,0,0,2018/07/05 22:52:50,
,,0,0,0,2018/07/05 20:50:20,
,,0,0,0,2018/07/05 17:43:40,
,,0,0,0,2018/07/05 16:24:30,
,,0,0,0,2018/07/05 13:20:07,
,,0,0,0,2018/07/05 09:02:49,
,,0,0,0,2018/07/05 07:17:00,
,,0,0,0,2018/07/05 04:04:41,
,,0,0,0,2018/07/04 23:16:42,
,,0,0,0,2018/07/04 21:38:32,
,,0,0,0,2018/07/04 19:30:23,
,,0,0,0,2018/07/04 16:11:55,
,,0,0,0,2018/07/04 14:23:41,
,,0,0,0,2018/07/04 11:36:19,
,,0,0,0,2018/07/04 07:24:00,
,,0,0,0,2018/07/04 02:21:50,
,,0,0,0,2018/07/03 23:02:39,
,,0,0,0,2018/07/03 21:00:41,
,,0,0,0,2018/07/03 19:15:07,
,,0,0,0,2018/07/03 15:42:18,
,,0,0,0,2018/07/03 15:20:21,
,,0,0,0,2018/07/03 11:47:33,
,,0,0,0,2018/07/03 09:10:34,
,,0,0,0,2018/07/03 06:16:00,
,,0,0,0,2018/07/03 03:21:06,
,,0,0,0,2018/07/02 22:48:39,
,,0,0,0,2018/07/02 21:15:05,
,,0,0,0,2018/07/02 18:56:49,
,,0,0,0,2018/07/02 15:42:40,
,,0,0,0,2018/07/02 12:52:00,
,,0,0,0,2018/07/02 09:18:03,
,,0,0,0,2018/07/02 04:43:54,
,,0,0,0,2018/07/02 01:24:21,
,,0,0,0,2018/07/01 23:19:01,
,,0,0,0,2018/07/01 21:32:35,
,,0,0,0,2018/07/01 19:49:43,
,,0,0,0,2018/07/01 16:49:16,
,,0,0,0,2018/07/01 14:00:23,
,,0,0,0,2018/07/01 10:57:27,
,,0,0,0,2018/07/01 08:14:44,
,,0,0,0,2018/07/01 03:38:00,
,,0,0,0,2018/06/30 23:30:42,
,,0,0,0,2018/06/30 21:35:26,
,,0,0,0,2018/06/30 19:40:00,
,,0,0,0,2018/06/30 17:10:42,
,,0,0,0,2018/06/30 12:28:26,
,,0,0,0,2018/06/30 09:53:25,
,,0,0,0,2018/06/30 07:02:07,
,,0,0,0,2018/06/30 03:11:09,
,,0,0,0,2018/06/29 22:56:32,
Bottle Breast Milk,,0,0,170,2018/06/29 21:15:42,
,,0,0,0,2018/06/29 21:33:38,
,,0,0,0,2018/06/29 19:22:16,
,,0,0,0,2018/06/29 19:00:21,
Bottle Breast Milk,,0,0,120,2018/06/29 11:32:40,
Bottle Formula,,0,0,80,2018/06/29 16:00:33,
,,0,0,0,2018/06/29 15:56:13,
,,0,0,0,2018/06/29 11:39:38,
Bottle Breast Milk,,0,0,115,2018/06/29 09:30:22,
,,0,0,0,2018/06/29 09:24:04,
Bottle Formula,,0,0,150,2018/06/29 06:40:04,
Bottle Breast Milk,,0,0,180,2018/06/29 02:30:46,
,,0,0,0,2018/06/29 06:45:00,
,,0,0,0,2018/06/29 02:50:36,
,,0,0,0,2018/06/28 22:53:54,
,,0,0,0,2018/06/28 21:33:56,
,,0,0,0,2018/06/28 19:03:34,
,,0,0,0,2018/06/28 15:59:36,
,,0,0,0,2018/06/28 12:42:00,
,,0,0,0,2018/06/28 10:31:34,
,,0,0,0,2018/06/28 07:04:47,
,,0,0,0,2018/06/28 02:35:05,
,,0,0,0,2018/06/27 22:53:37,
,,0,0,0,2018/06/27 21:02:06,
,,0,0,0,2018/06/27 19:08:06,
,,0,0,0,2018/06/27 16:36:16,
,,0,0,0,2018/06/27 13:02:34,
,,0,0,0,2018/06/27 10:07:21,
,,0,0,0,2018/06/27 06:50:28,
,,0,0,0,2018/06/27 03:03:46,
,,0,0,0,2018/06/26 23:05:25,
,,0,0,0,2018/06/26 21:31:03,
,,0,0,0,2018/06/26 18:47:22,
,,0,0,0,2018/06/26 16:01:20,
,,0,0,0,2018/06/26 15:31:09,
,,0,0,0,2018/06/26 11:57:48,
,,0,0,0,2018/06/26 09:31:56,
,,0,0,0,2018/06/26 06:51:09,
Bottle Formula,,0,0,120,2018/06/26 03:58:31,
,,0,0,0,2018/06/26 03:11:48,
,,0,0,0,2018/06/25 23:04:59,
,,0,0,0,2018/06/25 20:29:09,
,,0,0,0,2018/06/25 18:47:25,
,,0,0,0,2018/06/25 14:59:15,
,,0,0,0,2018/06/25 11:50:51,
,,0,0,0,2018/06/25 08:45:45,
,,0,0,0,2018/06/25 05:44:12,
,,0,0,0,2018/06/25 02:17:29,
,,0,0,0,2018/06/24 22:50:51,
,,0,0,0,2018/06/24 21:35:55,
,,0,0,0,2018/06/24 19:54:00,
,,0,0,0,2018/06/24 16:10:26,
,,0,0,0,2018/06/24 15:47:16,
,,0,0,0,2018/06/24 11:30:00,
,,0,0,0,2018/06/24 08:55:00,
,,0,0,0,2018/06/24 06:17:00,
,,0,0,0,2018/06/24 02:10:00,
,,0,0,0,2018/06/23 22:58:39,
,,0,0,0,2018/06/23 21:33:05,
,,0,0,0,2018/06/23 19:16:15,
,,0,0,0,2018/06/23 16:09:00,
,,0,0,0,2018/06/23 13:28:13,
,,0,0,0,2018/06/23 09:51:43,
,,0,0,0,2018/06/23 07:07:01,
,,0,0,0,2018/06/23 03:12:00,
,,0,0,0,2018/06/22 22:51:42,
,,0,0,0,2018/06/22 21:58:46,
,,0,0,0,2018/06/22 21:42:41,
,,0,0,0,2018/06/22 17:25:05,
,,0,0,0,2018/06/22 15:18:44,
Bottle Formula,,0,0,30,2018/06/22 14:45:55,
,,0,0,0,2018/06/22 13:02:12,
Bottle Breast Milk,,0,0,60,2018/06/22 13:02:38,
Bottle Breast Milk,,0,0,120,2018/06/22 11:15:26,
,,0,0,0,2018/06/22 09:48:22,
Bottle Breast Milk,,0,0,90,2018/06/22 02:00:43,
Bottle Formula,,0,0,180,2018/06/22 07:00:25,
Bottle Formula,,0,0,120,2018/06/22 09:52:14,
,,0,0,0,2018/06/22 06:27:35,
,,0,0,0,2018/06/22 02:00:50,
,,0,0,0,2018/06/21 22:37:14,
,,0,0,0,2018/06/21 17:52:31,
,,0,0,0,2018/06/21 15:45:15,
,,0,0,0,2018/06/21 13:17:00,
,,0,0,0,2018/06/21 10:20:46,
,,0,0,0,2018/06/21 08:36:17,
,,0,0,0,2018/06/21 06:49:00,
,,0,0,0,2018/06/21 03:01:08,
,,0,0,0,2018/06/20 22:53:56,
,,0,0,0,2018/06/20 21:14:39,
,,0,0,0,2018/06/20 18:51:29,
,,0,0,0,2018/06/20 14:20:00,
,,0,0,0,2018/06/20 12:04:07,
,,0,0,0,2018/06/20 08:37:11,
,,0,0,0,2018/06/20 06:51:04,
,,0,0,0,2018/06/20 03:37:00,
,,0,0,0,2018/06/19 22:50:00,
,,0,0,0,2018/06/19 21:25:00,
,,0,0,0,2018/06/19 18:50:00,
,,0,0,0,2018/06/19 14:31:46,
,,0,0,0,2018/06/19 11:22:19,
,,0,0,0,2018/06/19 09:31:37,
,,0,0,0,2018/06/19 06:37:50,
,,0,0,0,2018/06/19 02:18:01,
,,0,0,0,2018/06/18 22:53:38,
,,0,0,0,2018/06/18 21:24:24,
,,0,0,0,2018/06/18 19:30:04,
,,0,0,0,2018/06/18 15:35:47,
,,0,0,0,2018/06/18 12:46:13,
,,0,0,0,2018/06/18 08:54:00,
,,0,0,0,2018/06/18 05:06:55,
,,0,0,0,2018/06/18 01:38:20,
,,0,0,0,2018/06/17 22:46:06,
,,0,0,0,2018/06/17 21:20:38,
,,0,0,0,2018/06/17 18:51:00,
,,0,0,0,2018/06/17 15:07:16,
,,0,0,0,2018/06/17 12:39:36,
,,0,0,0,2018/06/17 08:38:31,
,,0,0,0,2018/06/17 05:37:00,
,,0,0,0,2018/06/17 01:47:59,
,,0,0,0,2018/06/16 22:45:19,
,,0,0,0,2018/06/16 21:18:30,
,,0,0,0,2018/06/16 18:14:00,
,,0,0,0,2018/06/16 14:27:05,
,,0,0,0,2018/06/16 10:32:19,
,,0,0,0,2018/06/16 08:39:59,
,,0,0,0,2018/06/16 06:08:09,
,,0,0,0,2018/06/16 03:18:32,
,,0,0,0,2018/06/15 22:33:05,
,,0,0,0,2018/06/15 20:50:12,
,,0,0,0,2018/06/15 17:53:14,
,,0,0,0,2018/06/15 13:47:57,
,,0,0,0,2018/06/15 11:46:00,
,,0,0,0,2018/06/15 08:24:33,
,,0,0,0,2018/06/15 05:06:44,
,,0,0,0,2018/06/15 02:22:00,
,,0,0,0,2018/06/14 23:09:00,
,,0,0,0,2018/06/14 21:39:07,
,,0,0,0,2018/06/14 19:27:04,
,,0,0,0,2018/06/14 15:52:30,
,,0,0,0,2018/06/14 13:43:27,
,,0,0,0,2018/06/14 09:19:14,
,,0,0,0,2018/06/14 06:47:00,
,,0,0,0,2018/06/14 01:22:10,
,,0,0,0,2018/06/13 22:53:25,
,,0,0,0,2018/06/13 21:55:44,
,,0,0,0,2018/06/13 20:12:07,
,,0,0,0,2018/06/13 18:20:00,
,,0,0,0,2018/06/13 13:48:00,
,,0,0,0,2018/06/13 10:29:48,
,,0,0,0,2018/06/13 06:19:00,
,,0,0,0,2018/06/13 03:07:02,
,,0,0,0,2018/06/12 22:44:07,
,,0,0,0,2018/06/12 21:37:08,
,,0,0,0,2018/06/12 19:48:00,
,,0,0,0,2018/06/12 16:48:00,
,,0,0,0,2018/06/12 12:34:00,
,,0,0,0,2018/06/12 09:57:38,
,,0,0,0,2018/06/12 05:49:00,
,,0,0,0,2018/06/12 02:16:00,
,,0,0,0,2018/06/11 22:45:25,
,,0,0,0,2018/06/11 20:35:30,
,,0,0,0,2018/06/11 18:30:00,
,,0,0,0,2018/06/11 13:27:00,
,,0,0,0,2018/06/11 10:08:01,
,,0,0,0,2018/06/11 06:36:00,
,,0,0,0,2018/06/11 03:12:38,
,,0,0,0,2018/06/10 23:39:46,
,,0,0,0,2018/06/10 20:57:00,
,,0,0,0,2018/06/10 18:30:00,
,,0,0,0,2018/06/10 15:48:54,
,,0,0,0,2018/06/10 13:14:58,
,,0,0,0,2018/06/10 10:45:48,
,,0,0,0,2018/06/10 08:24:00,
,,0,0,0,2018/06/10 05:06:09,
,,0,0,0,2018/06/10 02:30:09,
,,0,0,0,2018/06/10 00:00:51,
,,0,0,0,2018/06/09 21:17:53,
,,0,0,0,2018/06/09 19:01:00,
,,0,0,0,2018/06/09 16:56:47,
,,0,0,0,2018/06/09 15:32:00,
,,0,0,0,2018/06/09 14:01:00,
,,0,0,0,2018/06/09 12:39:33,
,,0,0,0,2018/06/09 09:39:03,
,,0,0,0,2018/06/09 07:07:37,
,,0,0,0,2018/06/09 03:01:43,
Bottle Breast Milk,,0,0,105,2018/06/09 00:00:16,
,,0,0,0,2018/06/08 23:02:00,
,,0,0,0,2018/06/08 20:47:00,
,,0,0,0,2018/06/08 19:11:00,
,,0,0,0,2018/06/08 13:54:08,
,,0,0,0,2018/06/08 10:41:00,
Bottle Breast Milk,,0,0,30,2018/06/08 10:40:58,
,,0,0,0,2018/06/08 07:08:05,
,,0,0,0,2018/06/08 01:29:58,
Bottle Formula,,0,0,95,2018/06/08 01:25:46,
,,0,0,0,2018/06/07 22:40:00,
Bottle Breast Milk,,0,0,90,2018/06/07 21:41:52,
,,0,0,0,2018/06/07 21:07:39,
,,0,0,0,2018/06/07 19:11:00,
Bottle Breast Milk,,0,0,65,2018/06/07 16:30:25,
,,0,0,0,2018/06/07 16:04:33,
,,0,0,0,2018/06/07 13:49:10,
,,0,0,0,2018/06/07 08:51:04,
Bottle Breast Milk,,0,0,50,2018/06/07 07:50:52,
,,0,0,0,2018/06/07 07:15:00,
Bottle Formula,,0,0,120,2018/06/07 06:51:06,
Bottle Formula,,0,0,90,2018/06/07 02:50:43,
,,0,0,0,2018/06/07 03:12:12,
,,0,0,0,2018/06/06 22:42:00,
,,0,0,0,2018/06/06 21:18:33,
Bottle Formula,,0,0,120,2018/06/06 20:05:50,
Bottle Formula,,0,0,120,2018/06/06 18:52:54,
,,0,0,0,2018/06/06 18:52:44,
Bottle Formula,,0,0,90,2018/06/06 15:36:36,
,,0,0,0,2018/06/06 15:49:13,
Bottle Breast Milk,,0,0,130,2018/06/06 14:25:46,
,,0,0,0,2018/06/06 13:22:27,
Bottle Formula,,0,0,90,2018/06/06 09:30:50,
Bottle Breast Milk,,0,0,60,2018/06/06 08:45:27,
,,0,0,0,2018/06/06 10:36:47,
Bottle Breast Milk,,0,0,75,2018/06/06 06:15:14,
,,0,0,0,2018/06/06 06:14:52,
Bottle Breast Milk,,0,0,70,2018/06/06 06:15:46,
Bottle Formula,,0,0,70,2018/06/06 05:55:02,
Bottle Formula,,0,0,50,2018/06/06 02:20:24,
,,0,0,0,2018/06/06 02:20:00,
Bottle Breast Milk,,0,0,25,2018/06/05 23:06:10,
Bottle Breast Milk,,0,0,50,2018/06/05 22:59:53,
,,0,0,0,2018/06/05 22:41:00,
,,0,0,0,2018/06/05 21:08:50,
Bottle Breast Milk,,0,0,80,2018/06/05 18:30:59,
Bottle Formula,,0,0,90,2018/06/05 20:09:32,
Bottle Breast Milk,,0,0,105,2018/06/05 19:09:08,
,,0,0,0,2018/06/05 18:38:36,
Bottle Breast Milk,,0,0,50,2018/06/05 15:00:05,
Bottle Formula,,0,0,120,2018/06/05 13:49:21,
,,0,0,0,2018/06/05 13:38:50,
Bottle Formula,,0,0,65,2018/06/05 11:45:15,
Bottle Breast Milk,,0,0,140,2018/06/05 08:36:05,
Bottle Formula,,0,0,120,2018/06/05 10:45:53,
,,0,0,0,2018/06/05 08:56:46,
,,0,0,0,2018/06/05 06:40:00,
Bottle Formula,,0,0,120,2018/06/05 06:00:47,
Bottle Formula,,0,0,80,2018/06/05 02:00:29,
,,0,0,0,2018/06/05 01:43:00,
Bottle Formula,,0,0,35,2018/06/05 01:15:06,
Bottle Formula,,0,0,60,2018/06/05 00:25:48,
,,0,0,0,2018/06/04 22:16:00,
Bottle Formula,,0,0,95,2018/06/04 22:15:59,
Bottle Breast Milk,,0,0,50,2018/06/04 22:00:46,
,,0,0,0,2018/06/04 19:57:00,
Bottle Breast Milk,,0,0,100,2018/06/04 18:15:08,
,,0,0,0,2018/06/04 17:47:32,
Bottle Formula,,0,0,120,2018/06/04 16:35:39,
,,0,0,0,2018/06/04 14:10:00,
Bottle Formula,,0,0,60,2018/06/04 13:30:41,
Bottle Formula,,0,0,60,2018/06/04 12:45:28,
Bottle Breast Milk,,0,0,75,2018/06/04 00:15:56,
,,0,0,0,2018/06/04 11:14:05,
Bottle Formula,,0,0,65,2018/06/04 10:15:15,
Bottle Breast Milk,,0,0,80,2018/06/04 08:45:31,
Bottle Formula,,0,0,65,2018/06/04 08:03:08,
,,0,0,0,2018/06/04 08:01:00,
Bottle Breast Milk,,0,0,50,2018/06/04 04:21:58,
,,0,0,0,2018/06/04 02:39:00,
Bottle Breast Milk,,0,0,60,2018/06/04 02:43:11,
,,0,0,0,2018/06/03 22:38:24,
Bottle Breast Milk,,0,0,95,2018/06/03 22:30:39,
Bottle Breast Milk,,0,0,55,2018/06/03 21:30:50,
Bottle Formula,,0,0,90,2018/06/03 19:30:37,
Bottle Formula,,0,0,60,2018/06/03 19:00:20,
,,0,0,0,2018/06/03 21:02:36,
,,0,0,0,2018/06/03 19:06:37,
Bottle Formula,,0,0,60,2018/06/03 14:50:30,
Bottle Breast Milk,,0,0,60,2018/06/03 13:00:09,
Bottle Formula,,0,0,60,2018/06/03 13:50:55,
,,0,0,0,2018/06/03 14:58:28,
,,0,0,0,2018/06/03 12:46:20,
,,0,0,0,2018/06/03 10:24:35,
Bottle Breast Milk,,0,0,35,2018/06/03 09:00:09,
,,0,0,0,2018/06/03 06:43:00,
Bottle Formula,,0,0,85,2018/06/03 03:35:57,
,,0,0,0,2018/06/03 02:42:29,
,,0,0,0,2018/06/02 22:30:00,
Bottle Breast Milk,,0,0,15,2018/06/02 22:05:48,
,,0,0,0,2018/06/02 21:31:00,
,,0,0,0,2018/06/02 19:43:00,
,,0,0,0,2018/06/02 16:59:19,
Bottle Breast Milk,,0,0,100,2018/06/02 15:00:00,
,,0,0,0,2018/06/02 13:55:08,
,,0,0,0,2018/06/02 12:25:00,
,,0,0,0,2018/06/02 10:26:12,
Bottle Formula,,0,0,140,2018/06/02 09:25:43,
Bottle Formula,,0,0,120,2018/06/02 06:05:01,
,,0,0,0,2018/06/02 06:09:00,
,,0,0,0,2018/06/02 02:57:00,
Bottle Breast Milk,,0,0,110,2018/06/02 03:15:15,
Bottle Formula,,0,0,115,2018/06/01 23:30:20,
,,0,0,0,2018/06/01 22:33:58,
,,0,0,0,2018/06/01 20:27:00,
,,0,0,0,2018/06/01 16:40:12,
Bottle Breast Milk,,0,0,100,2018/06/01 15:55:10,
,,0,0,0,2018/06/01 14:03:57,
Bottle Breast Milk,,0,0,100,2018/06/01 11:30:16,
,,0,0,0,2018/06/01 09:44:24,
Bottle Formula,,0,0,80,2018/06/01 05:40:48,
,,0,0,0,2018/06/01 05:36:38,
,,0,0,0,2018/06/01 03:20:00,
Bottle Breast Milk,,0,0,120,2018/06/01 02:40:33,
,,0,0,0,2018/05/31 22:23:00,
Bottle Breast Milk,,0,0,50,2018/05/31 22:00:33,
Bottle Formula,,0,0,120,2018/05/31 20:00:17,
Bottle Breast Milk,,0,0,80,2018/05/31 18:55:05,
,,0,0,0,2018/05/31 20:52:14,
,,0,0,0,2018/05/31 18:15:00,
Bottle Breast Milk,,0,0,120,2018/05/31 17:25:43,
Bottle Breast Milk,,0,0,120,2018/05/31 15:25:43,
,,0,0,0,2018/05/31 14:35:15,
,,0,0,0,2018/05/31 12:27:22,
Bottle Breast Milk,,0,0,30,2018/05/31 10:36:53,
,,0,0,0,2018/05/31 08:33:00,
Bottle Formula,,0,0,120,2018/05/31 08:00:12,
,,0,0,0,2018/05/31 05:14:48,
Bottle Formula,,0,0,90,2018/05/31 01:40:45,
,,0,0,0,2018/05/31 01:39:58,
,,0,0,0,2018/05/30 22:38:54,
Bottle Formula,,0,0,90,2018/05/30 22:00:59,
,,0,0,0,2018/05/30 21:15:43,
Bottle Breast Milk,,0,0,60,2018/05/30 20:21:21,
Bottle Breast Milk,,0,0,30,2018/05/30 19:45:00,
Bottle Breast Milk,,0,0,60,2018/05/30 19:00:36,
Bottle Formula,,0,0,40,2018/05/30 18:50:15,
,,0,0,0,2018/05/30 19:01:16,
Bottle Formula,,0,0,20,2018/05/30 17:00:22,
,,0,0,0,2018/05/30 16:59:21,
Bottle Breast Milk,,0,0,120,2018/05/30 16:05:14,
Bottle Breast Milk,,0,0,120,2018/05/30 11:15:32,
,,0,0,0,2018/05/30 13:10:20,
Bottle Formula,,0,0,60,2018/05/30 08:20:46,
,,0,0,0,2018/05/30 08:23:53,
Bottle Breast Milk,,0,0,100,2018/05/30 07:30:42,
,,0,0,0,2018/05/30 06:09:00,
Bottle Formula,,0,0,65,2018/05/30 04:25:59,
Bottle Breast Milk,,0,0,50,2018/05/30 02:11:47,
Bottle Formula,,0,0,60,2018/05/30 01:45:32,
,,0,0,0,2018/05/30 01:25:48,
,,0,0,0,2018/05/29 22:45:01,
Bottle Breast Milk,,0,0,60,2018/05/29 22:00:50,
Bottle Formula,,0,0,110,2018/05/29 19:30:35,
,,0,0,0,2018/05/29 21:03:24,
,,0,0,0,2018/05/29 17:50:34,
Bottle Breast Milk,,0,0,120,2018/05/29 16:10:14,
,,0,0,0,2018/05/29 14:42:14,
Bottle Formula,,0,0,100,2018/05/29 12:45:51,
,,0,0,0,2018/05/29 12:44:09,
,,0,0,0,2018/05/29 09:13:43,
Bottle Breast Milk,,0,0,100,2018/05/29 09:05:52,
,,0,0,0,2018/05/29 06:03:58,
Bottle Formula,,0,0,120,2018/05/29 06:00:08,
Bottle Breast Milk,,0,0,100,2018/05/29 03:35:52,
,,0,0,0,2018/05/29 01:05:00,
Bottle Formula,,0,0,90,2018/05/29 00:45:11,
Bottle Breast Milk,,0,0,90,2018/05/28 22:50:00,
,,0,0,0,2018/05/28 22:20:00,
,,0,0,0,2018/05/28 21:01:00,
Bottle Breast Milk,,0,0,120,2018/05/28 20:20:05,
,,0,0,0,2018/05/28 18:48:49,
Bottle Formula,,0,0,90,2018/05/28 16:00:14,
,,0,0,0,2018/05/28 16:10:48,
Bottle Formula,,0,0,90,2018/05/28 13:00:35,
Bottle Breast Milk,,0,0,95,2018/05/28 12:00:32,
,,0,0,0,2018/05/28 12:40:00,
Bottle Formula,,0,0,70,2018/05/28 09:10:28,
,,0,0,0,2018/05/28 09:03:59,
Bottle Breast Milk,,0,0,40,2018/05/28 07:10:58,
Bottle Breast Milk,,0,0,90,2018/05/28 06:45:37,
,,0,0,0,2018/05/28 06:37:07,
Bottle Formula,,0,0,60,2018/05/28 02:50:18,
,,0,0,0,2018/05/28 02:43:00,
Bottle Breast Milk,,0,0,105,2018/05/27 23:00:00,
,,0,0,0,2018/05/27 22:19:36,
Bottle Breast Milk,,0,0,115,2018/05/27 21:05:02,
,,0,0,0,2018/05/27 20:25:00,
,,0,0,0,2018/05/27 17:50:09,
Bottle Breast Milk,,0,0,70,2018/05/27 16:30:45,
Bottle Formula,,0,0,60,2018/05/27 16:00:18,
,,0,0,0,2018/05/27 15:47:00,
Bottle Formula,,0,0,120,2018/05/27 11:33:39,
Bottle Breast Milk,,0,0,20,2018/05/27 12:45:03,
Bottle Breast Milk,,0,0,120,2018/05/27 13:32:48,
,,0,0,0,2018/05/27 11:28:00,
,,0,0,0,2018/05/27 09:18:00,
Bottle Formula,,0,0,70,2018/05/27 09:20:13,
Bottle Formula,,0,0,30,2018/05/27 06:02:06,
,,0,0,0,2018/05/27 05:40:49,
Bottle Breast Milk,,0,0,105,2018/05/27 05:12:16,
,,0,0,0,2018/05/27 02:45:00,
Bottle Breast Milk,,0,0,70,2018/05/27 00:50:00,
,,0,0,0,2018/05/26 22:39:14,
Bottle Breast Milk,,0,0,45,2018/05/26 21:45:40,
Bottle Formula,,0,0,60,2018/05/26 22:11:30,
,,0,0,0,2018/05/26 21:33:38,
Bottle Formula,,0,0,60,2018/05/26 20:15:46,
Bottle Breast Milk,,0,0,70,2018/05/26 19:54:29,
Bottle Breast Milk,,0,0,50,2018/05/26 17:30:44,
,,0,0,0,2018/05/26 15:47:55,
Bottle Formula,,0,0,60,2018/05/26 15:05:09,
,,0,0,0,2018/05/26 14:12:00,
Bottle Breast Milk,,0,0,120,2018/05/26 13:00:12,
Bottle Breast Milk,,0,0,40,2018/05/26 11:45:08,
,,0,0,0,2018/05/26 11:50:29,
Bottle Formula,,0,0,120,2018/05/26 10:00:32,
,,0,0,0,2018/05/26 09:30:00,
,,0,0,0,2018/05/26 05:31:00,
Bottle Formula,,0,0,120,2018/05/26 05:04:25,
,,0,0,0,2018/05/26 01:37:00,
Bottle Breast Milk,,0,0,90,2018/05/26 01:30:36,
Bottle Formula,,0,0,90,2018/05/25 22:40:00,
,,0,0,0,2018/05/25 22:22:00,
Bottle Breast Milk,,0,0,75,2018/05/25 21:30:26,
,,0,0,0,2018/05/25 20:52:33,
Bottle Breast Milk,,0,0,50,2018/05/25 19:45:18,
,,0,0,0,2018/05/25 17:51:59,
Bottle Formula,,0,0,60,2018/05/25 17:30:15,
Bottle Formula,,0,0,120,2018/05/25 15:21:31,
,,0,0,0,2018/05/25 15:14:58,
,,0,0,0,2018/05/25 13:39:09,
Bottle Formula,,0,0,25,2018/05/25 11:24:31,
Bottle Breast Milk,,0,0,60,2018/05/25 10:50:02,
,,0,0,0,2018/05/25 08:57:11,
Bottle Breast Milk,,0,0,95,2018/05/25 08:30:21,
,,0,0,0,2018/05/25 06:31:07,
Bottle Breast Milk,,0,0,70,2018/05/25 05:45:37,
Bottle Breast Milk,,0,0,30,2018/05/25 04:25:41,
Bottle Formula,,0,0,85,2018/05/25 02:15:59,
Bottle Formula,,0,0,80,2018/05/25 14:04:02,
Bottle Formula,,0,0,30,2018/05/25 01:45:52,
,,0,0,0,2018/05/25 01:38:00,
Bottle Breast Milk,,0,0,50,2018/05/25 22:00:00,
,,0,0,0,2018/05/24 22:25:00,
Bottle Formula,,0,0,90,2018/05/24 21:00:52,
,,0,0,0,2018/05/24 19:05:17,
Bottle Breast Milk,,0,0,70,2018/05/24 19:00:36,
,,0,0,0,2018/05/24 16:56:59,
Bottle Formula,,0,0,70,2018/05/24 16:19:15,
Bottle Breast Milk,,0,0,60,2018/05/24 15:08:38,
,,0,0,0,2018/05/24 14:16:56,
Bottle Breast Milk,,0,0,35,2018/05/24 14:17:29,
Bottle Breast Milk,,0,0,120,2018/05/24 12:45:50,
,,0,0,0,2018/05/24 11:08:08,
Bottle Breast Milk,,0,0,120,2018/05/24 10:10:00,
Bottle Formula,,0,0,60,2018/05/24 08:00:33,
,,0,0,0,2018/05/24 08:11:39,
,,0,0,0,2018/05/24 05:15:00,
Bottle Breast Milk,,0,0,50,2018/05/24 04:55:01,
Bottle Formula,,0,0,60,2018/05/24 04:42:32,
,,0,0,0,2018/05/24 02:48:50,
Bottle Formula,,0,0,60,2018/05/24 02:45:58,
,,0,0,0,2018/05/23 23:09:00,
Bottle Formula,,0,0,120,2018/05/23 22:30:22,
Bottle Formula,,0,0,115,2018/05/23 19:00:04,
,,0,0,0,2018/05/23 21:06:16,
,,0,0,0,2018/05/23 17:33:26,
Bottle Formula,,0,0,120,2018/05/23 15:45:52,
,,0,0,0,2018/05/23 15:40:12,
Breast Input,R,0,300,0,2018/05/23 11:45:37,
,,0,0,0,2018/05/23 12:17:00,
Bottle Formula,,0,0,40,2018/05/23 11:10:32,
Bottle Breast Milk,,0,0,80,2018/05/23 10:50:03,
,,0,0,0,2018/05/23 09:26:41,
Bottle Breast Milk,,0,0,120,2018/05/23 07:56:36,
Bottle Breast Milk,,0,0,40,2018/05/23 06:21:54,
,,0,0,0,2018/05/23 05:11:00,
Bottle Breast Milk,,0,0,20,2018/05/23 04:45:42,
Bottle Formula,,0,0,120,2018/05/23 02:45:16,
,,0,0,0,2018/05/23 02:39:00,
,,0,0,0,2018/05/22 22:25:00,
Bottle Breast Milk,,0,0,120,2018/05/22 21:08:24,
,,0,0,0,2018/05/22 20:21:46,
,,0,0,0,2018/05/22 18:08:48,
Bottle Formula,,0,0,120,2018/05/22 17:45:01,
Bottle Breast Milk,,0,0,75,2018/05/22 16:19:54,
Bottle Breast Milk,,0,0,45,2018/05/22 14:45:54,
,,0,0,0,2018/05/22 13:53:15,
Bottle Formula,,0,0,120,2018/05/22 12:00:52,
,,0,0,0,2018/05/22 12:00:00,
,,0,0,0,2018/05/22 10:03:00,
Bottle Breast Milk,,0,0,100,2018/05/22 07:30:09,
,,0,0,0,2018/05/22 05:31:34,
Bottle Formula,,0,0,120,2018/05/22 05:31:26,
,,0,0,0,2018/05/22 01:47:34,
Bottle Breast Milk,,0,0,60,2018/05/22 01:13:08,
Bottle Formula,,0,0,40,2018/05/21 22:30:49,
Bottle Formula,,0,0,75,2018/05/21 23:20:00,
,,0,0,0,2018/05/21 22:17:33,
Bottle Breast Milk,,0,0,60,2018/05/21 21:00:29,
Bottle Formula,,0,0,45,2018/05/21 19:44:13,
,,0,0,0,2018/05/21 20:27:04,
Bottle Breast Milk,,0,0,120,2018/05/21 18:43:08,
,,0,0,0,2018/05/21 16:46:00,
Bottle Formula,,0,0,120,2018/05/21 14:15:41,
,,0,0,0,2018/05/21 13:02:13,
,,0,0,0,2018/05/21 11:35:56,
Bottle Formula,,0,0,60,2018/05/21 11:40:35,
Bottle Breast Milk,,0,0,60,2018/05/21 11:03:28,
,,0,0,0,2018/05/21 08:40:20,
Bottle Breast Milk,,0,0,70,2018/05/21 08:45:12,
,,0,0,0,2018/05/21 06:35:00,
Bottle Formula,,0,0,90,2018/05/21 06:25:21,
Bottle Breast Milk,,0,0,50,2018/05/21 03:25:40,
Bottle Formula,,0,0,90,2018/05/21 02:20:19,
,,0,0,0,2018/05/21 02:16:22,
Bottle Breast Milk,,0,0,60,2018/05/20 22:30:00,
,,0,0,0,2018/05/20 22:13:02,
Bottle Breast Milk,,0,0,50,2018/05/20 21:30:24,
,,0,0,0,2018/05/20 20:52:08,
Bottle Breast Milk,,0,0,115,2018/05/20 19:18:26,
,,0,0,0,2018/05/20 18:35:36,
Bottle Breast Milk,,0,0,50,2018/05/20 16:45:19,
Bottle Breast Milk,,0,0,95,2018/05/20 14:27:03,
,,0,0,0,2018/05/20 15:10:00,
Bottle Formula,,0,0,120,2018/05/20 10:45:03,
,,0,0,0,2018/05/20 11:34:00,
,,0,0,0,2018/05/20 09:18:25,
Bottle Breast Milk,,0,0,40,2018/05/20 08:01:00,
Bottle Formula,,0,0,120,2018/05/20 05:45:53,
,,0,0,0,2018/05/20 05:34:32,
Bottle Breast Milk,,0,0,105,2018/05/20 03:35:42,
,,0,0,0,2018/05/20 02:11:04,
Bottle Formula,,0,0,60,2018/05/19 22:05:00,
,,0,0,0,2018/05/19 22:09:00,
Bottle Breast Milk,,0,0,50,2018/05/19 20:55:39,
Bottle Formula,,0,0,80,2018/05/19 20:35:41,
,,0,0,0,2018/05/19 20:17:28,
Bottle Formula,,0,0,40,2018/05/19 18:30:00,
Bottle Breast Milk,,0,0,60,2018/05/19 17:57:41,
,,0,0,0,2018/05/19 16:51:53,
Bottle Formula,,0,0,65,2018/05/19 14:40:05,
,,0,0,0,2018/05/19 14:40:00,
Bottle Breast Milk,,0,0,60,2018/05/19 14:25:59,
,,0,0,0,2018/05/19 12:20:43,
Bottle Formula,,0,0,60,2018/05/19 10:40:00,
Bottle Breast Milk,,0,0,60,2018/05/19 10:20:00,
Bottle Breast Milk,,0,0,75,2018/05/19 09:10:00,
,,0,0,0,2018/05/19 08:57:09,
,,0,0,0,2018/05/19 07:12:23,
Bottle Formula,,0,0,90,2018/05/19 05:10:00,
Bottle Breast Milk,,0,0,115,2018/05/19 03:30:00,
,,0,0,0,2018/05/19 02:38:54,
,,0,0,0,2018/05/18 22:17:00,
Bottle Formula,,0,0,80,2018/05/18 21:55:00,
Bottle Formula,,0,0,50,2018/05/18 20:15:00,
,,0,0,0,2018/05/18 19:50:00,
Bottle Formula,,0,0,120,2018/05/18 18:50:29,
,,0,0,0,2018/05/18 16:49:51,
Bottle Breast Milk,,0,0,60,2018/05/18 16:06:35,
Bottle Breast Milk,,0,0,65,2018/05/18 15:37:57,
,,0,0,0,2018/05/18 14:07:13,
,,0,0,0,2018/05/18 11:58:26,
Bottle Breast Milk,,0,0,50,2018/05/18 10:20:23,
,,0,0,0,2018/05/18 08:52:12,
Bottle Formula,,0,0,50,2018/05/18 08:52:33,
Bottle Formula,,0,0,65,2018/05/18 05:00:54,
,,0,0,0,2018/05/18 04:58:00,
Bottle Breast Milk,,0,0,60,2018/05/18 03:45:09,
,,0,0,0,2018/05/18 01:52:08,
Bottle Breast Milk,,0,0,120,2018/05/18 01:46:42,
,,0,0,0,2018/05/17 21:42:53,
Bottle Formula,,0,0,85,2018/05/17 20:30:00,
,,0,0,0,2018/05/17 19:45:00,
Bottle Breast Milk,,0,0,120,2018/05/17 18:03:23,
,,0,0,0,2018/05/17 17:13:58,
Bottle Formula,,0,0,85,2018/05/17 14:50:32,
,,0,0,0,2018/05/17 14:14:11,
Bottle Breast Milk,,0,0,35,2018/05/17 12:50:13,
Bottle Breast Milk,,0,0,85,2018/05/17 11:50:43,
,,0,0,0,2018/05/17 10:29:37,
Bottle Breast Milk,,0,0,50,2018/05/17 10:35:24,
,,0,0,0,2018/05/17 08:16:17,
Bottle Breast Milk,,0,0,105,2018/05/17 06:50:26,
,,0,0,0,2018/05/17 04:54:23,
Bottle Formula,,0,0,120,2018/05/17 04:36:43,
,,0,0,0,2018/05/17 01:55:37,
Bottle Formula,,0,0,120,2018/05/17 01:45:27,
Bottle Breast Milk,,0,0,90,2018/05/16 22:50:00,
,,0,0,0,2018/05/16 21:40:00,
Bottle Breast Milk,,0,0,55,2018/05/16 20:10:00,
,,0,0,0,2018/05/16 19:16:32,
Bottle Formula,,0,0,110,2018/05/16 18:20:00,
,,0,0,0,2018/05/16 17:37:44,
,,0,0,0,2018/05/16 13:57:52,
Bottle Breast Milk,,0,0,120,2018/05/16 13:41:40,
Bottle Formula,,0,0,120,2018/05/16 09:30:03,
,,0,0,0,2018/05/16 09:51:00,
Bottle Breast Milk,,0,0,40,2018/05/16 09:11:51,
Bottle Breast Milk,,0,0,40,2018/05/16 08:07:00,
Bottle Formula,,0,0,80,2018/05/16 05:49:10,
,,0,0,0,2018/05/16 05:50:00,
Bottle Formula,,0,0,65,2018/05/16 03:42:05,
,,0,0,0,2018/05/16 02:36:34,
Bottle Formula,,0,0,120,2018/05/16 02:29:15,
Bottle Formula,,0,0,20,2018/05/15 22:30:07,
,,0,0,0,2018/05/15 22:22:12,
Bottle Formula,,0,0,110,2018/05/15 21:20:33,
,,0,0,0,2018/05/15 20:32:00,
Bottle Breast Milk,,0,0,80,2018/05/15 20:29:05,
Bottle Breast Milk,,0,0,25,2018/05/15 17:15:07,
Bottle Breast Milk,,0,0,60,2018/05/15 18:30:53,
,,0,0,0,2018/05/15 17:17:00,
Bottle Breast Milk,,0,0,40,2018/05/15 15:15:41,
Bottle Formula,,0,0,60,2018/05/15 14:15:00,
,,0,0,0,2018/05/15 13:34:36,
Bottle Formula,,0,0,65,2018/05/15 12:30:31,
Bottle Breast Milk,,0,0,30,2018/05/15 11:10:36,
Bottle Formula,,0,0,65,2018/05/15 10:45:22,
,,0,0,0,2018/05/15 11:00:00,
,,0,0,0,2018/05/15 09:20:00,
Bottle Breast Milk,,0,0,30,2018/05/15 07:40:00,
Bottle Breast Milk,,0,0,20,2018/05/15 07:20:00,
Bottle Breast Milk,,0,0,30,2018/05/15 05:45:46,
,,0,0,0,2018/05/15 05:19:27,
Bottle Formula,,0,0,65,2018/05/15 05:00:15,
,,0,0,0,2018/05/15 02:36:24,
Bottle Breast Milk,,0,0,70,2018/05/15 01:20:00,
Bottle Formula,,0,0,65,2018/05/15 01:00:00,
Bottle Breast Milk,,0,0,40,2018/05/14 21:30:16,
Bottle Breast Milk,,0,0,110,2018/05/14 20:30:21,
,,0,0,0,2018/05/14 22:38:00,
,,0,0,0,2018/05/14 20:07:16,
,,0,0,0,2018/05/14 18:07:55,
Bottle Formula,,0,0,60,2018/05/14 18:00:48,
Bottle Breast Milk,,0,0,60,2018/05/14 17:40:41,
Bottle Breast Milk,,0,0,90,2018/05/14 16:00:19,
,,0,0,0,2018/05/14 15:59:48,
,,0,0,0,2018/05/14 13:02:51,
Bottle Breast Milk,,0,0,120,2018/05/14 11:30:47,
,,0,0,0,2018/05/14 08:45:13,
Bottle Breast Milk,,0,0,30,2018/05/14 08:24:52,
Bottle Formula,,0,0,90,2018/05/14 06:55:53,
,,0,0,0,2018/05/14 05:35:52,
Bottle Formula,,0,0,105,2018/05/14 04:55:12,
,,0,0,0,2018/05/14 02:06:10,
Bottle Formula,,0,0,95,2018/05/14 01:27:43,
,,0,0,0,2018/05/13 21:50:19,
Bottle Formula,,0,0,45,2018/05/13 21:40:00,
Bottle Breast Milk,,0,0,45,2018/05/13 20:15:56,
,,0,0,0,2018/05/13 20:05:39,
,,0,0,0,2018/05/13 18:01:06,
Bottle Breast Milk,,0,0,70,2018/05/13 13:30:30,
,,0,0,0,2018/05/13 15:44:38,
Bottle Breast Milk,,0,0,30,2018/05/13 12:50:00,
,,0,0,0,2018/05/13 12:39:16,
Bottle Breast Milk,,0,0,90,2018/05/13 09:30:00,
,,0,0,0,2018/05/13 09:23:00,
,,0,0,0,2018/05/13 06:15:43,
Bottle Formula,,0,0,20,2018/05/13 05:45:21,
Bottle Formula,,0,0,90,2018/05/13 04:40:48,
Bottle Breast Milk,,0,0,90,2018/05/13 03:04:22,
,,0,0,0,2018/05/13 02:18:08,
,,0,0,0,2018/05/12 22:22:29,
Bottle Formula,,0,0,70,2018/05/12 21:00:11,
Bottle Breast Milk,,0,0,30,2018/05/12 20:28:27,
Bottle Formula,,0,0,90,2018/05/12 20:00:06,
,,0,0,0,2018/05/12 20:10:56,
,,0,0,0,2018/05/12 17:36:53,
Bottle Breast Milk,,0,0,85,2018/05/12 16:56:25,
,,0,0,0,2018/05/12 15:35:00,
Bottle Formula,,0,0,90,2018/05/12 15:14:00,
,,0,0,0,2018/05/12 11:41:00,
Bottle Formula,,0,0,80,2018/05/12 10:05:32,
,,0,0,0,2018/05/12 09:45:00,
Bottle Breast Milk,,0,0,45,2018/05/12 09:42:58,
Bottle Formula,,0,0,45,2018/05/12 05:39:43,
,,0,0,0,2018/05/12 06:18:52,
Bottle Breast Milk,,0,0,60,2018/05/12 03:53:00,
Bottle Breast Milk,,0,0,60,2018/05/12 03:10:00,
,,0,0,0,2018/05/12 02:22:36,
Bottle Formula,,0,0,60,2018/05/12 01:15:00,
,,0,0,0,2018/05/11 22:37:00,
Bottle Formula,,0,0,90,2018/05/11 22:00:53,
,,0,0,0,2018/05/11 21:19:37,
Bottle Breast Milk,,0,0,55,2018/05/11 19:48:40,
Bottle Formula,,0,0,75,2018/05/11 19:15:29,
,,0,0,0,2018/05/11 19:12:58,
Bottle Breast Milk,,0,0,30,2018/05/11 18:15:00,
Bottle Breast Milk,,0,0,30,2018/05/11 17:00:56,
Bottle Formula,,0,0,95,2018/05/11 16:30:52,
,,0,0,0,2018/05/11 16:23:00,
Bottle Formula,,0,0,65,2018/05/11 13:45:15,
Bottle Breast Milk,,0,0,50,2018/05/11 13:20:30,
,,0,0,0,2018/05/11 12:49:32,
Bottle Breast Milk,,0,0,90,2018/05/11 11:00:16,
Bottle Formula,,0,0,40,2018/05/11 09:45:28,
,,0,0,0,2018/05/11 09:00:00,
Bottle Formula,,0,0,60,2018/05/11 08:51:17,
,,0,0,0,2018/05/11 05:45:00,
Bottle Formula,,0,0,10,2018/05/11 05:15:54,
Bottle Breast Milk,,0,0,60,2018/05/11 04:55:15,
Bottle Formula,,0,0,120,2018/05/11 02:40:53,
,,0,0,0,2018/05/11 02:12:00,
Bottle Breast Milk,,0,0,70,2018/05/10 23:23:00,
,,0,0,0,2018/05/10 22:00:20,
Bottle Breast Milk,,0,0,60,2018/05/10 21:10:35,
,,0,0,0,2018/05/10 20:31:38,
Bottle Formula,,0,0,65,2018/05/10 18:40:00,
Bottle Breast Milk,,0,0,120,2018/05/10 17:45:45,
,,0,0,0,2018/05/10 17:45:12,
,,0,0,0,2018/05/10 16:03:24,
Bottle Formula,,0,0,90,2018/05/10 16:00:45,
Bottle Formula,,0,0,90,2018/05/10 12:40:42,
,,0,0,0,2018/05/10 12:04:43,
Bottle Breast Milk,,0,0,90,2018/05/10 10:45:52,
,,0,0,0,2018/05/10 09:01:44,
Bottle Formula,,0,0,120,2018/05/10 07:30:01,
,,0,0,0,2018/05/10 05:15:03,
Bottle Formula,,0,0,75,2018/05/10 05:15:18,
Bottle Breast Milk,,0,0,100,2018/05/10 03:05:25,
,,0,0,0,2018/05/10 02:32:00,
,,0,0,0,2018/05/10 01:24:13,
Bottle Breast Milk,,0,0,70,2018/05/10 00:47:51,
,,0,0,0,2018/05/09 22:19:06,
,,0,0,0,2018/05/09 21:00:24,
Bottle Breast Milk,,0,0,120,2018/05/09 21:00:16,
Bottle Breast Milk,,0,0,120,2018/05/09 19:05:24,
,,0,0,0,2018/05/09 18:59:18,
,,0,0,0,2018/05/09 16:00:15,
Bottle Formula,,0,0,120,2018/05/09 13:30:25,
,,0,0,0,2018/05/09 13:23:05,
Bottle Formula,,0,0,60,2018/05/09 08:30:16,
Bottle Breast Milk,,0,0,120,2018/05/09 12:00:04,
,,0,0,0,2018/05/09 08:10:38,
Bottle Formula,,0,0,120,2018/05/09 05:00:21,
,,0,0,0,2018/05/09 05:35:00,
Bottle Formula,,0,0,120,2018/05/09 02:00:08,
,,0,0,0,2018/05/09 02:03:00,
,,0,0,0,2018/05/08 21:47:36,
Bottle Breast Milk,,0,0,60,2018/05/08 20:54:38,
Bottle Formula,,0,0,65,2018/05/08 20:37:42,
,,0,0,0,2018/05/08 20:04:23,
Bottle Formula,,0,0,60,2018/05/08 19:00:00,
Bottle Breast Milk,,0,0,90,2018/05/08 16:53:54,
,,0,0,0,2018/05/08 16:15:00,
,,0,0,0,2018/05/08 14:48:45,
Bottle Breast Milk,,0,0,55,2018/05/08 14:49:38,
Bottle Formula,,0,0,65,2018/05/08 14:30:03,
Bottle Breast Milk,,0,0,50,2018/05/08 10:00:16,
,,0,0,0,2018/05/08 10:38:17,
Bottle Formula,,0,0,60,2018/05/08 09:45:06,
Bottle Breast Milk,,0,0,50,2018/05/08 08:51:11,
,,0,0,0,2018/05/08 06:27:08,
Bottle Formula,,0,0,80,2018/05/08 05:45:38,
Bottle Breast Milk,,0,0,65,2018/05/08 04:24:51,
,,0,0,0,2018/05/08 02:42:00,
Bottle Formula,,0,0,120,2018/05/08 01:52:53,
,,0,0,0,2018/05/08 00:10:20,
Bottle Breast Milk,,0,0,90,2018/05/07 21:46:26,
,,0,0,0,2018/05/07 20:51:00,
Bottle Formula,,0,0,115,2018/05/07 20:05:05,
,,0,0,0,2018/05/07 18:30:21,
Bottle Formula,,0,0,5,2018/05/07 17:00:21,
Bottle Breast Milk,,0,0,30,2018/05/07 15:47:00,
Bottle Breast Milk,,0,0,35,2018/05/07 15:03:27,
,,0,0,0,2018/05/07 14:43:38,
Bottle Breast Milk,,0,0,20,2018/05/07 13:45:07,
,,0,0,0,2018/05/07 12:52:43,
Bottle Formula,,0,0,120,2018/05/07 12:25:14,
Bottle Breast Milk,,0,0,65,2018/05/07 09:50:58,
,,0,0,0,2018/05/07 09:39:01,
Bottle Formula,,0,0,65,2018/05/07 07:30:11,
Bottle Breast Milk,,0,0,100,2018/05/07 06:16:08,
,,0,0,0,2018/05/07 05:18:10,
Bottle Formula,,0,0,100,2018/05/07 02:30:01,
,,0,0,0,2018/05/07 00:56:00,
Bottle Breast Milk,,0,0,100,2018/05/06 23:54:44,
,,0,0,0,2018/05/06 22:28:00,
Bottle Formula,,0,0,65,2018/05/06 21:15:21,
,,0,0,0,2018/05/06 21:07:00,
Bottle Breast Milk,,0,0,95,2018/05/06 19:20:00,
,,0,0,0,2018/05/06 19:00:17,
Bottle Breast Milk,,0,0,60,2018/05/06 18:30:26,
,,0,0,0,2018/05/06 17:06:22,
Bottle Formula,,0,0,65,2018/05/06 16:55:04,
Bottle Breast Milk,,0,0,60,2018/05/06 16:25:12,
,,0,0,0,2018/05/06 13:29:52,
Bottle Formula,,0,0,65,2018/05/06 12:35:56,
,,0,0,0,2018/05/06 11:45:58,
,,0,0,0,2018/05/06 09:51:01,
Bottle Formula,,0,0,65,2018/05/06 09:20:14,
Bottle Breast Milk,,0,0,60,2018/05/06 08:30:00,
,,0,0,0,2018/05/06 05:44:00,
Bottle Formula,,0,0,35,2018/05/06 05:20:34,
Bottle Breast Milk,,0,0,65,2018/05/06 04:50:28,
,,0,0,0,2018/05/06 01:32:45,
Bottle Breast Milk,,0,0,35,2018/05/06 01:33:01,
Bottle Formula,,0,0,65,2018/05/06 01:32:55,
,,0,0,0,2018/05/05 22:28:00,
Bottle Formula,,0,0,65,2018/05/05 21:55:28,
Bottle Breast Milk,,0,0,80,2018/05/05 21:00:05,
Bottle Formula,,0,0,65,2018/05/05 19:30:47,
,,0,0,0,2018/05/05 19:20:53,
Bottle Formula,,0,0,10,2018/05/05 18:50:42,
Bottle Formula,,0,0,55,2018/05/05 18:30:37,
Bottle Breast Milk,,0,0,50,2018/05/05 17:23:04,
,,0,0,0,2018/05/05 16:43:39,
Bottle Formula,,0,0,65,2018/05/05 15:35:59,
Bottle Breast Milk,,0,0,20,2018/05/05 15:15:54,
,,0,0,0,2018/05/05 13:12:31,
Bottle Formula,,0,0,65,2018/05/05 13:10:39,
Bottle Breast Milk,,0,0,80,2018/05/05 12:06:34,
,,0,0,0,2018/05/05 11:47:09,
Bottle Breast Milk,,0,0,40,2018/05/05 11:00:17,
,,0,0,0,2018/05/05 10:04:39,
Bottle Formula,,0,0,35,2018/05/05 07:50:25,
,,0,0,0,2018/05/05 06:58:53,
Bottle Formula,,0,0,30,2018/05/05 07:10:23,
Bottle Breast Milk,,0,0,50,2018/05/05 05:45:00,
Bottle Breast Milk,,0,0,60,2018/05/05 04:10:00,
,,0,0,0,2018/05/05 02:45:46,
Bottle Formula,,0,0,65,2018/05/04 23:52:47,
,,0,0,0,2018/05/04 22:55:30,
Bottle Breast Milk,,0,0,55,2018/05/04 21:10:34,
,,0,0,0,2018/05/04 20:46:14,
Bottle Breast Milk,,0,0,60,2018/05/04 20:30:23,
,,0,0,0,2018/05/04 17:05:39,
Bottle Breast Milk,,0,0,60,2018/05/04 17:04:26,
Bottle Formula,,0,0,60,2018/05/04 14:32:43,
,,0,0,0,2018/05/04 13:41:19,
Bottle Formula,,0,0,60,2018/05/04 12:00:36,
,,0,0,0,2018/05/04 11:29:55,
Bottle Formula,,0,0,5,2018/05/04 11:30:06,
Bottle Breast Milk,,0,0,100,2018/05/04 09:09:08,
,,0,0,0,2018/05/04 07:01:26,
Bottle Formula,,0,0,65,2018/05/04 05:00:04,
,,0,0,0,2018/05/04 04:28:27,
Bottle Breast Milk,,0,0,35,2018/05/04 02:59:52,
Bottle Breast Milk,,0,0,70,2018/05/04 00:45:18,
,,0,0,0,2018/05/04 01:04:15,
Bottle Formula,,0,0,60,2018/05/03 23:40:00,
,,0,0,0,2018/05/03 22:00:03,
Bottle Breast Milk,,0,0,40,2018/05/03 21:08:03,
Bottle Breast Milk,,0,0,40,2018/05/03 20:50:49,
,,0,0,0,2018/05/03 20:46:44,
Bottle Formula,,0,0,30,2018/05/03 18:32:17,
,,0,0,0,2018/05/03 18:25:18,
Bottle Formula,,0,0,65,2018/05/03 17:25:23,
Bottle Breast Milk,,0,0,60,2018/05/03 15:20:33,
,,0,0,0,2018/05/03 14:30:48,
Bottle Breast Milk,,0,0,55,2018/05/03 14:30:03,
,,0,0,0,2018/05/03 12:21:44,
Bottle Formula,,0,0,65,2018/05/03 12:05:34,
Bottle Formula,,0,0,65,2018/05/03 10:15:23,
Bottle Breast Milk,,0,0,40,2018/05/03 08:00:04,
,,0,0,0,2018/05/03 08:16:00,
Bottle Breast Milk,,0,0,70,2018/05/03 05:45:54,
,,0,0,0,2018/05/03 05:15:50,
Bottle Breast Milk,,0,0,65,2018/05/03 03:17:51,
,,0,0,0,2018/05/03 01:30:22,
Bottle Breast Milk,,0,0,35,2018/05/03 01:29:10,
Bottle Formula,,0,0,65,2018/05/03 00:00:09,
,,0,0,0,2018/05/02 22:22:18,
Bottle Breast Milk,,0,0,50,2018/05/02 21:15:30,
,,0,0,0,2018/05/02 20:45:38,
Bottle Breast Milk,,0,0,65,2018/05/02 20:00:36,
Bottle Formula,,0,0,30,2018/05/02 18:45:06,
,,0,0,0,2018/05/02 17:52:40,
Bottle Formula,,0,0,35,2018/05/02 17:45:09,
Bottle Formula,,0,0,65,2018/05/02 16:15:53,
Bottle Breast Milk,,0,0,50,2018/05/02 15:13:07,
,,0,0,0,2018/05/02 14:32:58,
Bottle Breast Milk,,0,0,70,2018/05/02 13:20:19,
Bottle Formula,,0,0,65,2018/05/02 11:30:29,
,,0,0,0,2018/05/02 11:30:30,
Bottle Breast Milk,,0,0,55,2018/05/02 10:35:48,
,,0,0,0,2018/05/02 08:14:58,
Bottle Formula,,0,0,75,2018/05/02 07:45:41,
,,0,0,0,2018/05/02 05:12:15,
Bottle Breast Milk,,0,0,105,2018/05/02 04:36:36,
,,0,0,0,2018/05/02 01:50:08,
Bottle Formula,,0,0,100,2018/05/02 01:00:16,
Bottle Breast Milk,,0,0,10,2018/05/01 22:25:00,
,,0,0,0,2018/05/01 21:54:53,
Bottle Formula,,0,0,65,2018/05/01 21:24:36,
Bottle Breast Milk,,0,0,30,2018/05/01 20:27:27,
Bottle Breast Milk,,0,0,30,2018/05/01 20:00:16,
,,0,0,0,2018/05/01 19:55:49,
Bottle Formula,,0,0,65,2018/05/01 19:15:29,
,,0,0,0,2018/05/01 17:53:04,
Bottle Formula,,0,0,65,2018/05/01 17:49:37,
Bottle Breast Milk,,0,0,80,2018/05/01 15:57:02,
,,0,0,0,2018/05/01 15:02:25,
,,0,0,0,2018/05/01 14:30:35,
Bottle Formula,,0,0,65,2018/05/01 12:32:57,
,,0,0,0,2018/05/01 11:30:23,
Bottle Formula,,0,0,65,2018/05/01 10:30:53,
Bottle Breast Milk,,0,0,60,2018/05/01 10:01:24,
,,0,0,0,2018/05/01 09:15:20,
Bottle Breast Milk,,0,0,120,2018/05/01 07:00:57,
,,0,0,0,2018/05/01 05:32:05,
Bottle Formula,,0,0,65,2018/05/01 04:21:13,
,,0,0,0,2018/05/01 02:03:22,
Bottle Breast Milk,,0,0,55,2018/05/01 01:50:31,
,,0,0,0,2018/04/30 22:15:10,
Bottle Formula,,0,0,65,2018/04/30 22:20:03,
Bottle Formula,,0,0,65,2018/04/30 21:20:55,
Bottle Breast Milk,,0,0,65,2018/04/30 20:55:39,
,,0,0,0,2018/04/30 20:19:01,
Bottle Formula,,0,0,65,2018/04/30 19:15:24,
Bottle Breast Milk,,0,0,60,2018/04/30 18:40:10,
,,0,0,0,2018/04/30 17:37:32,
Bottle Breast Milk,,0,0,80,2018/04/30 16:30:30,
Bottle Formula,,0,0,65,2018/04/30 14:20:23,
,,0,0,0,2018/04/30 13:04:48,
Bottle Formula,,0,0,65,2018/04/30 11:30:03,
,,0,0,0,2018/04/30 11:13:00,
Bottle Formula,,0,0,65,2018/04/30 10:30:51,
,,0,0,0,2018/04/30 09:12:00,
Bottle Formula,,0,0,65,2018/04/30 06:30:00,
Bottle Breast Milk,,0,0,85,2018/04/30 07:30:48,
,,0,0,0,2018/04/30 06:16:43,
Bottle Breast Milk,,0,0,90,2018/04/30 03:00:56,
Bottle Formula,,0,0,60,2018/04/30 02:00:43,
,,0,0,0,2018/04/30 02:00:33,
Bottle Formula,,0,0,60,2018/04/29 23:25:00,
Bottle Breast Milk,,0,0,60,2018/04/29 23:00:00,
,,0,0,0,2018/04/29 21:50:01,
Bottle Breast Milk,,0,0,60,2018/04/29 21:15:30,
,,0,0,0,2018/04/29 19:40:13,
Bottle Breast Milk,,0,0,50,2018/04/29 19:15:10,
Bottle Breast Milk,,0,0,70,2018/04/29 18:45:47,
,,0,0,0,2018/04/29 16:12:17,
Bottle Formula,,0,0,70,2018/04/29 14:20:34,
,,0,0,0,2018/04/29 12:18:39,
Bottle Formula,,0,0,70,2018/04/29 11:30:32,
Bottle Formula,,0,0,30,2018/04/29 10:44:53,
Bottle Breast Milk,,0,0,40,2018/04/29 09:35:00,
,,0,0,0,2018/04/29 08:34:58,
Bottle Breast Milk,,0,0,110,2018/04/29 06:00:29,
,,0,0,0,2018/04/29 04:00:15,
Bottle Formula,,0,0,65,2018/04/29 03:33:21,
,,0,0,0,2018/04/29 01:41:35,
Bottle Breast Milk,,0,0,60,2018/04/29 01:40:07,
,,0,0,0,2018/04/28 22:16:26,
Bottle Formula,,0,0,65,2018/04/28 22:10:39,
Breast Timer,L,300,0,0,2018/04/28 22:03:14,
Bottle Breast Milk,,0,0,65,2018/04/28 21:15:00,
Bottle Breast Milk,,0,0,50,2018/04/28 19:50:32,
,,0,0,0,2018/04/28 19:27:05,
Bottle Formula,,0,0,30,2018/04/28 16:00:45,
Bottle Breast Milk,,0,0,65,2018/04/28 18:47:49,
,,0,0,0,2018/04/28 16:10:18,
Bottle Formula,,0,0,35,2018/04/28 15:30:20,
Bottle Formula,,0,0,65,2018/04/28 14:32:56,
,,0,0,0,2018/04/28 12:15:02,
Bottle Formula,,0,0,65,2018/04/28 12:15:49,
Bottle Breast Milk,,0,0,115,2018/04/28 11:00:29,
,,0,0,0,2018/04/28 09:37:37,
,,0,0,0,2018/04/28 07:54:20,
Bottle Formula,,0,0,95,2018/04/28 07:50:09,
Bottle Formula,,0,0,35,2018/04/28 05:30:01,
Bottle Breast Milk,,0,0,40,2018/04/28 05:00:01,
,,0,0,0,2018/04/28 04:37:22,
Bottle Breast Milk,,0,0,110,2018/04/28 03:50:34,
,,0,0,0,2018/04/28 02:38:01,
Bottle Breast Milk,,0,0,30,2018/04/28 01:30:00,
Bottle Formula,,0,0,60,2018/04/28 01:30:00,
,,0,0,0,2018/04/27 22:47:05,
Bottle Formula,,0,0,65,2018/04/27 22:20:13,
Breast Input,R,0,1500,0,2018/04/27 21:50:16,
,,0,0,0,2018/04/27 19:20:39,
Bottle Breast Milk,,0,0,65,2018/04/27 16:48:27,
Bottle Breast Milk,,0,0,15,2018/04/27 16:30:22,
,,0,0,0,2018/04/27 16:26:55,
Bottle Formula,,0,0,30,2018/04/27 13:30:00,
,,0,0,0,2018/04/27 13:40:31,
Bottle Breast Milk,,0,0,80,2018/04/27 12:30:27,
Breast Timer,R,0,540,0,2018/04/27 12:26:13,
,,0,0,0,2018/04/27 11:50:20,
Bottle Formula,,0,0,60,2018/04/27 10:00:00,
Bottle Formula,,0,0,30,2018/04/27 09:30:00,
,,0,0,0,2018/04/27 07:23:15,
Bottle Breast Milk,,0,0,95,2018/04/27 06:45:04,
Bottle Formula,,0,0,55,2018/04/27 04:30:59,
,,0,0,0,2018/04/27 04:02:59,
,,0,0,0,2018/04/27 01:09:43,
Bottle Formula,,0,0,10,2018/04/27 01:09:54,
Bottle Formula,,0,0,55,2018/04/26 23:00:00,
Bottle Breast Milk,,0,0,35,2018/04/26 22:16:54,
,,0,0,0,2018/04/26 21:55:52,
Bottle Breast Milk,,0,0,85,2018/04/26 21:40:09,
Bottle Breast Milk,,0,0,30,2018/04/26 20:00:36,
,,0,0,0,2018/04/26 19:45:31,
Bottle Breast Milk,,0,0,5,2018/04/26 19:35:10,
Breast Input,R,0,900,0,2018/04/26 19:15:46,
Bottle Breast Milk,,0,0,75,2018/04/26 18:44:14,
Bottle Breast Milk,,0,0,45,2018/04/26 17:55:41,
,,0,0,0,2018/04/26 17:05:15,
,,0,0,0,2018/04/26 13:38:21,
Bottle Formula,,0,0,65,2018/04/26 13:38:26,
,,0,0,0,2018/04/26 12:30:38,
Bottle Formula,,0,0,65,2018/04/26 10:55:25,
Breast Input,L,420,0,0,2018/04/26 10:30:47,
,,0,0,0,2018/04/26 10:38:31,
Bottle Formula,,0,0,65,2018/04/26 07:49:36,
Bottle Breast Milk,,0,0,35,2018/04/26 06:29:19,
,,0,0,0,2018/04/26 06:13:42,
Bottle Breast Milk,,0,0,60,2018/04/26 05:44:35,
,,0,0,0,2018/04/26 04:17:06,
Bottle Breast Milk,,0,0,55,2018/04/26 02:00:33,
Bottle Breast Milk,,0,0,30,2018/04/26 01:35:07,
,,0,0,0,2018/04/26 01:12:04,
Bottle Breast Milk,,0,0,60,2018/04/25 23:25:00,
Bottle Formula,,0,0,65,2018/04/25 21:35:46,
,,0,0,0,2018/04/25 21:36:04,
Bottle Formula,,0,0,65,2018/04/25 20:10:32,
Bottle Formula,,0,0,65,2018/04/25 19:00:08,
Bottle Breast Milk,,0,0,25,2018/04/25 18:45:55,
,,0,0,0,2018/04/25 18:14:59,
Breast Input,L,600,0,0,2018/04/25 18:00:43,
Bottle Breast Milk,,0,0,40,2018/04/25 18:10:26,
,,0,0,0,2018/04/25 15:35:53,
Bottle Formula,,0,0,65,2018/04/25 14:30:23,
Bottle Breast Milk,,0,0,30,2018/04/25 13:38:03,
Bottle Breast Milk,,0,0,45,2018/04/25 10:36:15,
,,0,0,0,2018/04/25 13:16:58,
Breast Timer,R,0,600,0,2018/04/25 13:08:10,
,,0,0,0,2018/04/25 11:55:20,
,,0,0,0,2018/04/25 09:38:30,
Bottle Breast Milk,,0,0,40,2018/04/25 06:49:45,
,,0,0,0,2018/04/25 06:30:33,
Bottle Formula,,0,0,65,2018/04/25 05:55:05,
Bottle Breast Milk,,0,0,45,2018/04/25 03:36:08,
,,0,0,0,2018/04/25 03:11:48,
Bottle Breast Milk,,0,0,40,2018/04/25 03:11:59,
Bottle Breast Milk,,0,0,20,2018/04/25 00:13:52,
Bottle Breast Milk,,0,0,60,2018/04/25 00:00:16,
,,0,0,0,2018/04/24 23:45:04,
Bottle Formula,,0,0,90,2018/04/24 22:01:25,
,,0,0,0,2018/04/24 21:30:24,
Bottle Breast Milk,,0,0,70,2018/04/24 19:15:08,
Bottle Formula,,0,0,40,2018/04/24 15:45:43,
,,0,0,0,2018/04/24 18:44:28,
,,0,0,0,2018/04/24 15:30:02,
Bottle Formula,,0,0,125,2018/04/24 12:15:37,
,,0,0,0,2018/04/24 12:19:25,
Breast Input,N,420,600,0,2018/04/24 11:53:04,
,,0,0,0,2018/04/24 10:18:29,
Bottle Breast Milk,,0,0,100,2018/04/24 09:00:34,
,,0,0,0,2018/04/24 07:15:22,
,,0,0,0,2018/04/24 04:07:06,
Bottle Formula,,0,0,100,2018/04/24 04:06:53,
,,0,0,0,2018/04/24 00:10:17,
Bottle Formula,,0,0,115,2018/04/24 00:00:00,
Bottle Formula,,0,0,100,2018/04/23 21:00:49,
,,0,0,0,2018/04/23 20:29:27,
,,0,0,0,2018/04/23 18:25:16,
Bottle Formula,,0,0,70,2018/04/23 17:03:00,
Breast Input,R,0,300,0,2018/04/23 16:45:01,
,,0,0,0,2018/04/23 15:45:17,
,,0,0,0,2018/04/23 13:55:05,
Breast Input,R,0,900,0,2018/04/23 13:25:50,
,,0,0,0,2018/04/23 11:52:44,
Breast Input,N,900,180,0,2018/04/23 11:00:03,
,,0,0,0,2018/04/23 09:30:00,
,,0,0,0,2018/04/23 06:36:22,
Bottle Formula,,0,0,110,2018/04/23 06:30:31,
Bottle Formula,,0,0,100,2018/04/23 02:30:06,
,,0,0,0,2018/04/23 03:13:32,
Bottle Formula,,0,0,100,2018/04/23 01:25:39,
,,0,0,0,2018/04/23 00:11:41,
Bottle Formula,,0,0,110,2018/04/22 21:00:08,
,,0,0,0,2018/04/22 20:50:56,
,,0,0,0,2018/04/22 18:33:02,
Bottle Formula,,0,0,135,2018/04/22 16:22:38,
,,0,0,0,2018/04/22 16:50:28,
,,0,0,0,2018/04/22 15:49:10,
Breast Timer,R,0,360,0,2018/04/22 15:25:56,
Breast Timer,L,1200,0,0,2018/04/22 13:43:48,
,,0,0,0,2018/04/22 11:50:12,
Bottle Formula,,0,0,40,2018/04/22 12:10:36,
Bottle Breast Milk,,0,0,80,2018/04/22 11:15:48,
,,0,0,0,2018/04/22 09:05:14,
,,0,0,0,2018/04/22 06:59:06,
Bottle Formula,,0,0,110,2018/04/22 06:50:15,
,,0,0,0,2018/04/22 04:10:03,
Bottle Formula,,0,0,110,2018/04/22 03:00:00,
,,0,0,0,2018/04/22 01:07:56,
Bottle Formula,,0,0,60,2018/04/21 21:30:26,
Bottle Formula,,0,0,35,2018/04/21 23:00:00,
Bottle Formula,,0,0,30,2018/04/21 22:45:00,
,,0,0,0,2018/04/21 21:32:11,
Bottle Formula,,0,0,40,2018/04/21 19:30:38,
,,0,0,0,2018/04/21 19:15:44,
Bottle Formula,,0,0,30,2018/04/21 19:00:32,
Bottle Formula,,0,0,40,2018/04/21 18:26:09,
Breast Timer,L,600,1260,0,2018/04/21 18:26:47,
,,0,0,0,2018/04/21 19:08:37,
,,0,0,0,2018/04/21 15:14:38,
Bottle Formula,,0,0,100,2018/04/21 13:30:00,
,,0,0,0,2018/04/21 12:12:32,
Bottle Formula,,0,0,100,2018/04/21 12:10:20,
,,0,0,0,2018/04/21 08:59:51,
,,0,0,0,2018/04/21 07:30:45,
Bottle Breast Milk,,0,0,50,2018/04/21 07:30:45,
,,0,0,0,2018/04/21 04:37:51,
,,0,0,0,2018/04/21 04:18:38,
Bottle Formula,,0,0,90,2018/04/21 04:00:15,
,,0,0,0,2018/04/21 03:46:20,
,,0,0,0,2018/04/21 00:05:39,
Bottle Formula,,0,0,70,2018/04/21 00:35:00,
Bottle Breast Milk,,0,0,60,2018/04/20 23:40:59,
,,0,0,0,2018/04/20 21:24:57,
Bottle Formula,,0,0,65,2018/04/20 21:00:21,
,,0,0,0,2018/04/20 21:02:28,
Bottle Formula,,0,0,90,2018/04/20 19:10:30,
Bottle Formula,,0,0,10,2018/04/20 16:00:58,
Bottle Breast Milk,,0,0,80,2018/04/20 14:46:40,
Bottle Breast Milk,,0,0,15,2018/04/20 17:00:18,
,,0,0,0,2018/04/20 18:18:52,
,,0,0,0,2018/04/20 15:15:11,
,,0,0,0,2018/04/20 14:20:22,
,,0,0,0,2018/04/20 12:11:03,
Bottle Formula,,0,0,30,2018/04/20 12:10:00,
Bottle Breast Milk,,0,0,80,2018/04/20 10:50:38,
,,0,0,0,2018/04/20 09:26:52,
Bottle Formula,,0,0,130,2018/04/20 08:45:04,
Bottle Breast Milk,,0,0,40,2018/04/20 06:50:29,
,,0,0,0,2018/04/20 06:10:56,
Bottle Breast Milk,,0,0,100,2018/04/20 04:40:00,
,,0,0,0,2018/04/20 03:09:03,
,,0,0,0,2018/04/20 01:10:47,
Bottle Formula,,0,0,130,2018/04/20 01:10:00,
,,0,0,0,2018/04/20 01:05:48,
,,0,0,0,2018/04/19 21:12:42,
Bottle Formula,,0,0,60,2018/04/19 21:30:13,
Bottle Breast Milk,,0,0,100,2018/04/19 19:40:40,
,,0,0,0,2018/04/19 17:55:04,
Bottle Formula,,0,0,100,2018/04/19 16:45:37,
,,0,0,0,2018/04/19 15:15:08,
Bottle Formula,,0,0,40,2018/04/19 14:20:00,
Bottle Breast Milk,,0,0,50,2018/04/19 13:10:00,
,,0,0,0,2018/04/19 11:41:34,
Bottle Formula,,0,0,70,2018/04/19 11:40:00,
Bottle Breast Milk,,0,0,70,2018/04/19 10:45:44,
,,0,0,0,2018/04/19 10:32:22,
,,0,0,0,2018/04/19 10:11:13,
,,0,0,0,2018/04/19 09:41:31,
Bottle Formula,,0,0,80,2018/04/19 09:00:07,
,,0,0,0,2018/04/19 04:32:15,
Bottle Formula,,0,0,85,2018/04/19 04:30:25,
Bottle Formula,,0,0,120,2018/04/19 01:30:03,
Bottle Breast Milk,,0,0,50,2018/04/19 01:00:00,
Bottle Formula,,0,0,70,2018/04/19 01:00:00,
,,0,0,0,2018/04/19 01:10:04,
,,0,0,0,2018/04/19 00:51:15,
,,0,0,0,2018/04/19 00:22:41,
,,0,0,0,2018/04/18 21:36:50,
,,0,0,0,2018/04/18 21:00:16,
Bottle Formula,,0,0,60,2018/04/18 21:20:47,
Bottle Formula,,0,0,30,2018/04/18 20:00:27,
Bottle Formula,,0,0,25,2018/04/18 19:35:07,
Bottle Breast Milk,,0,0,50,2018/04/18 19:05:50,
,,0,0,0,2018/04/18 18:18:09,
Bottle Breast Milk,,0,0,120,2018/04/18 17:15:55,
,,0,0,0,2018/04/18 15:10:47,
Bottle Formula,,0,0,20,2018/04/18 13:45:02,
Bottle Breast Milk,,0,0,60,2018/04/18 12:50:37,
,,0,0,0,2018/04/18 12:09:49,
Bottle Formula,,0,0,50,2018/04/18 12:00:47,
Bottle Breast Milk,,0,0,60,2018/04/18 09:55:29,
,,0,0,0,2018/04/18 09:14:04,
Bottle Formula,,0,0,110,2018/04/18 09:10:37,
,,0,0,0,2018/04/18 05:10:01,
Bottle Formula,,0,0,70,2018/04/18 05:25:12,
Bottle Breast Milk,,0,0,80,2018/04/18 04:05:25,
,,0,0,0,2018/04/18 02:35:08,
Bottle Formula,,0,0,95,2018/04/18 00:30:00,
,,0,0,0,2018/04/17 22:20:35,
Bottle Breast Milk,,0,0,65,2018/04/17 21:30:59,
,,0,0,0,2018/04/17 19:30:34,
Bottle Breast Milk,,0,0,35,2018/04/17 18:15:03,
,,0,0,0,2018/04/17 16:45:34,
Bottle Breast Milk,,0,0,40,2018/04/17 15:50:17,
Bottle Breast Milk,,0,0,50,2018/04/17 13:30:05,
,,0,0,0,2018/04/17 13:28:09,
Breast Timer,R,720,240,0,2018/04/17 12:48:16,
,,0,0,0,2018/04/17 10:50:16,
Bottle Breast Milk,,0,0,100,2018/04/17 02:00:41,
,,0,0,0,2018/04/17 08:00:17,
Bottle Formula,,0,0,100,2018/04/17 08:00:42,
Bottle Breast Milk,,0,0,75,2018/04/17 05:30:53,
,,0,0,0,2018/04/17 04:39:09,
Bottle Formula,,0,0,80,2018/04/17 02:00:10,
,,0,0,0,2018/04/17 02:52:58,
,,0,0,0,2018/04/16 21:55:46,
Bottle Formula,,0,0,30,2018/04/16 21:30:15,
Bottle Breast Milk,,0,0,80,2018/04/16 21:15:18,
,,0,0,0,2018/04/16 19:45:45,
Bottle Breast Milk,,0,0,15,2018/04/16 18:30:29,
Bottle Formula,,0,0,40,2018/04/16 19:05:14,
,,0,0,0,2018/04/16 16:57:55,
Bottle Formula,,0,0,45,2018/04/16 15:00:56,
,,0,0,0,2018/04/16 15:10:11,
,,0,0,0,2018/04/16 14:05:11,
Bottle Formula,,0,0,80,2018/04/16 13:30:30,
Bottle Formula,,0,0,50,2018/04/16 11:15:26,
,,0,0,0,2018/04/16 10:44:08,
Bottle Breast Milk,,0,0,55,2018/04/16 07:30:53,
,,0,0,0,2018/04/16 07:29:35,
Bottle Breast Milk,,0,0,70,2018/04/16 06:45:43,
,,0,0,0,2018/04/16 02:25:19,
Bottle Breast Milk,,0,0,45,2018/04/16 02:00:32,
Bottle Formula,,0,0,60,2018/04/16 02:00:19,
,,0,0,0,2018/04/15 22:00:58,
Bottle Formula,,0,0,70,2018/04/15 21:30:27,
Breast Timer,R,0,600,0,2018/04/15 20:53:40,
Bottle Breast Milk,,0,0,60,2018/04/15 20:04:08,
Bottle Formula,,0,0,80,2018/04/15 19:25:10,
,,0,0,0,2018/04/15 18:45:30,
Bottle Breast Milk,,0,0,70,2018/04/15 15:30:51,
,,0,0,0,2018/04/15 15:03:04,
Bottle Formula,,0,0,60,2018/04/15 13:15:22,
Bottle Breast Milk,,0,0,30,2018/04/15 13:15:14,
,,0,0,0,2018/04/15 12:00:31,
Breast Timer,L,600,0,0,2018/04/15 11:28:08,
Breast Input,L,600,0,0,2018/04/15 10:30:19,
Bottle Breast Milk,,0,0,35,2018/04/15 07:46:33,
,,0,0,0,2018/04/15 07:00:50,
Bottle Breast Milk,,0,0,25,2018/04/15 07:10:59,
,,0,0,0,2018/04/15 04:00:25,
Bottle Breast Milk,,0,0,80,2018/04/15 02:45:21,
Bottle Formula,,0,0,60,2018/04/15 00:10:55,
,,0,0,0,2018/04/15 00:13:33,
,,0,0,0,2018/04/14 20:17:13,
,,0,0,0,2018/04/14 20:17:50,
Bottle Breast Milk,,0,0,60,2018/04/14 19:10:37,
,,0,0,0,2018/04/14 17:00:17,
Bottle Breast Milk,,0,0,70,2018/04/14 17:15:52,
Bottle Breast Milk,,0,0,45,2018/04/14 15:30:39,
,,0,0,0,2018/04/14 13:56:34,
Bottle Formula,,0,0,50,2018/04/14 11:45:00,
,,0,0,0,2018/04/14 11:15:48,
Bottle Formula,,0,0,5,2018/04/14 11:30:00,
Breast Input,N,60,600,0,2018/04/14 10:50:57,
Bottle Formula,,0,0,10,2018/04/14 11:00:54,
Bottle Formula,,0,0,50,2018/04/14 09:45:20,
Bottle Breast Milk,,0,0,30,2018/04/14 08:45:10,
,,0,0,0,2018/04/14 06:21:29,
Bottle Breast Milk,,0,0,60,2018/04/14 05:30:46,
,,0,0,0,2018/04/14 04:08:43,
Bottle Breast Milk,,0,0,60,2018/04/14 04:08:48,
Bottle Breast Milk,,0,0,60,2018/04/14 01:55:38,
,,0,0,0,2018/04/14 01:17:59,
,,0,0,0,2018/04/13 21:19:06,
Bottle Formula,,0,0,60,2018/04/13 20:55:45,
Bottle Formula,,0,0,60,2018/04/13 20:30:35,
Breast Timer,R,720,240,0,2018/04/13 18:38:29,
,,0,0,0,2018/04/13 16:00:54,
Bottle Formula,,0,0,60,2018/04/13 15:35:25,
Bottle Breast Milk,,0,0,60,2018/04/13 15:10:10,
,,0,0,0,2018/04/13 12:55:19,
Breast Timer,R,0,420,0,2018/04/13 12:47:42,
,,0,0,0,2018/04/13 12:27:33,
Bottle Breast Milk,,0,0,80,2018/04/13 11:30:16,
Breast Input,L,480,0,0,2018/04/13 10:41:57,
Bottle Formula,,0,0,90,2018/04/13 09:30:31,
,,0,0,0,2018/04/13 08:30:52,
Bottle Breast Milk,,0,0,30,2018/04/13 04:14:30,
Bottle Formula,,0,0,30,2018/04/13 04:35:14,
,,0,0,0,2018/04/13 04:34:27,
Bottle Breast Milk,,0,0,35,2018/04/13 04:10:05,
,,0,0,0,2018/04/13 01:24:25,
Bottle Formula,,0,0,80,2018/04/13 01:10:07,
,,0,0,0,2018/04/12 20:59:36,
Bottle Breast Milk,,0,0,40,2018/04/12 19:30:18,
Bottle Formula,,0,0,80,2018/04/12 17:40:53,
,,0,0,0,2018/04/12 16:55:50,
Breast Timer,R,360,300,0,2018/04/12 16:28:18,
,,0,0,0,2018/04/12 16:10:20,
Bottle Formula,,0,0,80,2018/04/12 16:10:32,
Bottle Breast Milk,,0,0,35,2018/04/12 14:30:11,
Bottle Formula,,0,0,60,2018/04/12 13:30:53,
Bottle Breast Milk,,0,0,15,2018/04/12 13:00:31,
,,0,0,0,2018/04/12 12:08:37,
Bottle Formula,,0,0,120,2018/04/12 10:15:12,
,,0,0,0,2018/04/12 08:54:53,
Bottle Breast Milk,,0,0,40,2018/04/12 05:35:16,
,,0,0,0,2018/04/12 05:07:26,
Bottle Breast Milk,,0,0,80,2018/04/12 05:07:53,
,,0,0,0,2018/04/12 02:34:09,
Bottle Formula,,0,0,60,2018/04/12 02:30:20,
Bottle Formula,,0,0,100,2018/04/11 23:30:15,
,,0,0,0,2018/04/11 23:28:58,
,,0,0,0,2018/04/11 21:12:18,
Bottle Breast Milk,,0,0,70,2018/04/11 20:40:55,
Bottle Formula,,0,0,40,2018/04/11 20:10:39,
,,0,0,0,2018/04/11 18:40:23,
Bottle Breast Milk,,0,0,50,2018/04/11 18:12:59,
Bottle Formula,,0,0,70,2018/04/11 16:15:47,
,,0,0,0,2018/04/11 14:46:22,
Bottle Formula,,0,0,40,2018/04/11 13:10:59,
,,0,0,0,2018/04/11 12:19:49,
Bottle Formula,,0,0,60,2018/04/11 12:05:24,
Breast Timer,L,480,0,0,2018/04/11 11:52:56,
,,0,0,0,2018/04/11 07:41:14,
Bottle Formula,,0,0,50,2018/04/11 05:21:59,
,,0,0,0,2018/04/11 02:57:44,
Bottle Breast Milk,,0,0,60,2018/04/11 02:55:13,
,,0,0,0,2018/04/11 00:03:50,
Bottle Formula,,0,0,90,2018/04/11 00:05:26,
,,0,0,0,2018/04/10 21:26:10,
Bottle Breast Milk,,0,0,60,2018/04/10 21:00:49,
Bottle Breast Milk,,0,0,20,2018/04/10 20:20:22,
Bottle Breast Milk,,0,0,40,2018/04/10 20:00:08,
,,0,0,0,2018/04/10 19:12:55,
Bottle Formula,,0,0,65,2018/04/10 17:50:18,
,,0,0,0,2018/04/10 15:18:21,
Bottle Breast Milk,,0,0,40,2018/04/10 14:00:38,
Bottle Breast Milk,,0,0,15,2018/04/10 13:45:44,
,,0,0,0,2018/04/10 12:17:11,
Bottle Formula,,0,0,70,2018/04/10 11:09:54,
,,0,0,0,2018/04/10 09:52:35,
Bottle Formula,,0,0,60,2018/04/10 07:10:49,
,,0,0,0,2018/04/10 07:10:02,
Bottle Breast Milk,,0,0,45,2018/04/10 03:30:11,
,,0,0,0,2018/04/10 03:11:45,
Bottle Formula,,0,0,50,2018/04/10 03:10:48,
Bottle Formula,,0,0,80,2018/04/09 23:45:25,
,,0,0,0,2018/04/09 22:10:50,
Bottle Breast Milk,,0,0,45,2018/04/09 21:25:58,
Breast Timer,R,0,300,0,2018/04/09 21:25:28,
Bottle Breast Milk,,0,0,40,2018/04/09 21:00:26,
,,0,0,0,2018/04/09 19:38:36,
Bottle Breast Milk,,0,0,40,2018/04/09 18:15:56,
,,0,0,0,2018/04/09 17:21:08,
Bottle Formula,,0,0,60,2018/04/09 13:00:08,
Bottle Breast Milk,,0,0,20,2018/04/09 12:00:23,
,,0,0,0,2018/04/09 10:07:03,
Bottle Breast Milk,,0,0,55,2018/04/09 09:15:25,
Bottle Breast Milk,,0,0,10,2018/04/09 08:50:10,
,,0,0,0,2018/04/09 06:15:04,
Bottle Breast Milk,,0,0,60,2018/04/09 06:18:38,
Bottle Breast Milk,,0,0,35,2018/04/09 03:30:27,
,,0,0,0,2018/04/09 02:10:05,
Bottle Breast Milk,,0,0,70,2018/04/09 01:45:10,
Bottle Breast Milk,,0,0,5,2018/04/08 22:40:47,
,,0,0,0,2018/04/08 21:55:06,
Bottle Breast Milk,,0,0,20,2018/04/08 21:20:36,
Bottle Breast Milk,,0,0,60,2018/04/08 19:40:22,
,,0,0,0,2018/04/08 16:49:28,
Bottle Breast Milk,,0,0,60,2018/04/08 16:00:58,
Bottle Breast Milk,,0,0,60,2018/04/08 14:50:07,
Breast Timer,R,1620,2220,0,2018/04/08 12:22:52,
Bottle Breast Milk,,0,0,80,2018/04/08 09:29:01,
,,0,0,0,2018/04/08 09:17:43,
Bottle Breast Milk,,0,0,60,2018/04/08 06:00:21,
,,0,0,0,2018/04/08 05:43:50,
,,0,0,0,2018/04/08 01:57:21,
Bottle Breast Milk,,0,0,30,2018/04/08 01:20:28,
Bottle Breast Milk,,0,0,70,2018/04/07 23:15:03,
Breast Input,N,2700,2700,0,2018/04/07 20:15:57,
Bottle Breast Milk,,0,0,10,2018/04/07 16:45:48,
,,0,0,0,2018/04/07 16:44:48,
Bottle Formula,,0,0,15,2018/04/07 13:00:39,
Bottle Breast Milk,,0,0,30,2018/04/07 12:00:00,
Bottle Breast Milk,,0,0,40,2018/04/07 15:30:11,
,,0,0,0,2018/04/07 13:06:26,
,,0,0,0,2018/04/07 08:09:25,
Bottle Breast Milk,,0,0,60,2018/04/07 07:03:31,
Breast Timer,R,0,2160,0,2018/04/07 06:47:38,
Bottle Breast Milk,,0,0,30,2018/04/07 02:40:13,
Bottle Breast Milk,,0,0,50,2018/04/07 01:26:46,
,,0,0,0,2018/04/07 01:38:42,
,,0,0,0,2018/04/06 22:01:28,
Bottle Breast Milk,,0,0,20,2018/04/06 21:50:53,
Bottle Breast Milk,,0,0,50,2018/04/06 20:00:47,
,,0,0,0,2018/04/06 18:20:30,
,,0,0,0,2018/04/06 17:45:45,
Bottle Breast Milk,,0,0,50,2018/04/06 17:25:56,
Bottle Breast Milk,,0,0,10,2018/04/06 16:10:07,
Bottle Breast Milk,,0,0,70,2018/04/06 13:00:40,
,,0,0,0,2018/04/06 12:12:43,
Bottle Breast Milk,,0,0,50,2018/04/06 11:30:31,
Breast Timer,R,0,2580,0,2018/04/06 10:35:31,
Bottle Breast Milk,,0,0,60,2018/04/06 06:30:08,
,,0,0,0,2018/04/06 06:34:47,
Bottle Breast Milk,,0,0,35,2018/04/06 04:35:27,
,,0,0,0,2018/04/06 03:16:47,
Bottle Breast Milk,,0,0,40,2018/04/06 01:45:51,
,,0,0,0,2018/04/05 22:10:23,
Bottle Breast Milk,,0,0,55,2018/04/05 21:35:13,
Breast Input,L,2700,0,0,2018/04/05 19:15:45,
Bottle Breast Milk,,0,0,40,2018/04/05 20:45:12,
Bottle Breast Milk,,0,0,20,2018/04/05 14:30:11,
Breast Timer,R,0,2640,0,2018/04/05 18:24:58,
Bottle Breast Milk,,0,0,40,2018/04/05 13:27:04,
,,0,0,0,2018/04/05 13:19:42,
Bottle Breast Milk,,0,0,45,2018/04/05 09:05:24,
,,0,0,0,2018/04/05 09:11:35,
,,0,0,0,2018/04/05 08:34:40,
Breast Timer,L,1860,0,0,2018/04/05 08:34:47,
Bottle Breast Milk,,0,0,100,2018/04/05 05:00:53,
,,0,0,0,2018/04/05 04:54:26,
Bottle Breast Milk,,0,0,60,2018/04/05 01:30:04,
,,0,0,0,2018/04/05 01:40:34,
Bottle Breast Milk,,0,0,50,2018/04/05 23:00:00,
,,0,0,0,2018/04/04 21:30:47,
Bottle Breast Milk,,0,0,10,2018/04/04 21:30:14,
Bottle Breast Milk,,0,0,40,2018/04/04 20:40:38,
,,0,0,0,2018/04/04 17:29:16,
Bottle Breast Milk,,0,0,60,2018/04/04 17:20:24,
Bottle Breast Milk,,0,0,55,2018/04/04 14:00:31,
,,0,0,0,2018/04/04 12:41:31,
Breast Timer,R,3240,1440,0,2018/04/04 10:36:12,
,,0,0,0,2018/04/04 06:37:10,
Bottle Breast Milk,,0,0,60,2018/04/04 06:40:48,
Bottle Formula,,0,0,40,2018/04/04 06:40:34,
Bottle Formula,,0,0,15,2018/04/04 03:05:18,
Bottle Breast Milk,,0,0,15,2018/04/04 03:05:06,
,,0,0,0,2018/04/04 02:21:32,
Bottle Breast Milk,,0,0,10,2018/04/04 02:30:31,
Bottle Formula,,0,0,30,2018/04/03 23:15:52,
Bottle Breast Milk,,0,0,55,2018/04/03 23:15:16,
,,0,0,0,2018/04/03 23:12:07,
Bottle Breast Milk,,0,0,50,2018/04/03 20:10:48,
,,0,0,0,2018/04/03 20:13:32,
Breast Timer,L,720,3360,0,2018/04/03 18:37:12,
Bottle Formula,,0,0,45,2018/04/03 14:50:32,
,,0,0,0,2018/04/03 15:15:22,
Bottle Breast Milk,,0,0,45,2018/04/03 14:15:57,
Bottle Breast Milk,,0,0,30,2018/04/03 12:50:58,
Bottle Formula,,0,0,30,2018/04/03 12:50:43,
Bottle Formula,,0,0,30,2018/04/03 12:15:00,
,,0,0,0,2018/04/03 11:31:25,
Breast Timer,L,2940,0,0,2018/04/03 11:31:08,
,,0,0,0,2018/04/03 07:47:24,
Bottle Formula,,0,0,15,2018/04/03 07:45:25,
,,0,0,0,2018/04/03 04:11:44,
Bottle Formula,,0,0,80,2018/04/03 04:00:29,
Bottle Breast Milk,,0,0,30,2018/04/03 04:00:07,
,,0,0,0,2018/04/03 01:14:45,
Bottle Breast Milk,,0,0,40,2018/04/02 23:55:18,
Bottle Formula,,0,0,60,2018/04/02 23:55:15,
Bottle Breast Milk,,0,0,50,2018/04/02 22:00:32,
,,0,0,0,2018/04/02 22:09:49,
Breast Timer,L,2940,0,0,2018/04/02 21:12:57,
Bottle Breast Milk,,0,0,65,2018/04/02 19:15:58,
,,0,0,0,2018/04/02 19:07:10,
Bottle Formula,,0,0,35,2018/04/02 17:00:56,
Bottle Breast Milk,,0,0,35,2018/04/02 17:00:24,
,,0,0,0,2018/04/02 16:00:20,
Bottle Breast Milk,,0,0,30,2018/04/02 15:05:00,
Bottle Formula,,0,0,30,2018/04/02 15:04:51,
,,0,0,0,2018/04/02 13:31:10,
Bottle Formula,,0,0,40,2018/04/02 10:31:30,
,,0,0,0,2018/04/02 10:37:40,
Bottle Breast Milk,,0,0,45,2018/04/02 08:45:19,
Breast Timer,R,2040,480,0,2018/04/02 07:46:34,
Breast Timer,L,1380,1260,0,2018/04/02 03:53:17,
,,0,0,0,2018/04/02 02:50:36,
Bottle Breast Milk,,0,0,50,2018/04/02 01:55:38,
Breast Timer,L,1380,1080,0,2018/04/02 00:45:42,
Bottle Formula,,0,0,90,2018/04/01 20:50:36,
,,0,0,0,2018/04/01 20:58:57,
Bottle Breast Milk,,0,0,50,2018/04/01 18:40:45,
Breast Timer,R,780,780,0,2018/04/01 18:20:56,
,,0,0,0,2018/04/01 16:48:01,
Bottle Breast Milk,,0,0,80,2018/04/01 15:15:55,
Bottle Breast Milk,,0,0,80,2018/04/01 15:15:47,
Breast Timer,R,1860,1200,0,2018/04/01 14:17:07,
Bottle Breast Milk,,0,0,20,2018/04/01 10:45:21,
Bottle Formula,,0,0,40,2018/04/01 10:45:56,
,,0,0,0,2018/04/01 10:35:55,
Bottle Formula,,0,0,15,2018/04/01 10:20:11,
Breast Timer,L,300,3180,0,2018/04/01 08:15:02,
,,0,0,0,2018/04/01 05:36:02,
Bottle Breast Milk,,0,0,15,2018/04/01 05:50:13,
Bottle Formula,,0,0,30,2018/04/01 05:50:51,
Bottle Formula,,0,0,45,2018/04/01 01:45:35,
Bottle Breast Milk,,0,0,25,2018/04/01 01:45:12,
,,0,0,0,2018/04/01 00:25:06,
Bottle Breast Milk,,0,0,25,2018/04/01 00:20:23,
Bottle Formula,,0,0,30,2018/04/01 00:20:33,
Bottle Formula,,0,0,40,2018/03/31 22:00:36,
Bottle Breast Milk,,0,0,15,2018/03/31 22:00:33,
Breast Timer,L,1980,0,0,2018/03/31 21:42:06,
Breast Timer,R,0,2280,0,2018/03/31 20:22:46,
,,0,0,0,2018/03/31 19:02:39,
Bottle Breast Milk,,0,0,35,2018/03/31 16:55:17,
Bottle Formula,,0,0,30,2018/03/31 16:55:58,
Breast Timer,L,1740,0,0,2018/03/31 16:55:48,
,,0,0,0,2018/03/31 15:19:58,
Bottle Formula,,0,0,30,2018/03/31 13:40:19,
Bottle Breast Milk,,0,0,40,2018/03/31 13:40:47,
Breast Timer,R,0,720,0,2018/03/31 13:35:01,
,,0,0,0,2018/03/31 11:52:59,
Bottle Breast Milk,,0,0,55,2018/03/31 10:29:54,
,,0,0,0,2018/03/31 09:01:04,
Bottle Breast Milk,,0,0,60,2018/03/31 08:40:27,
Breast Timer,R,660,1200,0,2018/03/31 07:56:25,
,,0,0,0,2018/03/31 03:43:53,
Bottle Breast Milk,,0,0,60,2018/03/31 03:40:15,
Breast Timer,L,420,480,0,2018/03/31 03:22:37,
,,0,0,0,2018/03/30 23:06:14,
Bottle Breast Milk,,0,0,65,2018/03/30 23:22:18,
,,0,0,0,2018/03/30 20:16:20,
Bottle Breast Milk,,0,0,40,2018/03/30 19:30:34,
Breast Timer,L,2400,600,0,2018/03/30 18:51:37,
,,0,0,0,2018/03/30 16:11:52,
Bottle Breast Milk,,0,0,50,2018/03/30 15:51:05,
Breast Timer,R,1680,540,0,2018/03/30 15:13:47,
Bottle Breast Milk,,0,0,50,2018/03/30 11:50:36,
,,0,0,0,2018/03/30 11:57:19,
,,0,0,0,2018/03/30 11:51:20,
Breast Timer,L,600,0,0,2018/03/30 09:44:48,
,,0,0,0,2018/03/30 08:56:24,
Bottle Breast Milk,,0,0,50,2018/03/30 08:30:15,
,,0,0,0,2018/03/30 05:15:28,
Bottle Breast Milk,,0,0,50,2018/03/30 04:55:01,
Bottle Breast Milk,,0,0,20,2018/03/30 02:40:27,
,,0,0,0,2018/03/30 01:50:55,
Bottle Breast Milk,,0,0,50,2018/03/30 01:30:23,
,,0,0,0,2018/03/29 21:15:41,
Bottle Breast Milk,,0,0,40,2018/03/29 22:55:09,
Bottle Breast Milk,,0,0,25,2018/03/29 10:30:36,
Bottle Breast Milk,,0,0,50,2018/03/29 21:00:11,
Bottle Breast Milk,,0,0,25,2018/03/29 15:00:06,
Bottle Breast Milk,,0,0,50,2018/03/29 18:30:45,
,,0,0,0,2018/03/29 18:50:00,
Bottle Breast Milk,,0,0,15,2018/03/29 03:44:29,
Bottle Breast Milk,,0,0,25,2018/03/29 01:31:48,
Bottle Breast Milk,,0,0,25,2018/03/28 17:20:44,
